,XGBoost,LightGBM,ExtraTrees,CatBoost,KNN,SVR,ElasticNet,BayesianRidge,LSTM,Prophet,NeuralProphet,SARIMAX,AR_Eco,TFT,N-HiTS
2024-12-01,0.0,0.06589942574265968,0.0,0.0,0.0,0.09326673097069477,0.0,0.0,0.0,0.02994294829778106,0.0,0.09251756157554017,0.0,0.49398815383564904,0.2243851795776752
2024-12-02,0.0,0.049330585347148924,0.0,0.0,0.0,0.08541745041987596,0.0,0.0,0.0,0.0,0.0,0.15099042548998967,0.0,0.4864583449574493,0.2278031937855362
2024-12-03,0.0,0.09388558066540945,0.0,0.0,0.0,0.047540765022471995,0.0,0.0,0.0,0.0,0.0,0.1446756473222947,0.0,0.45941222179581354,0.25448578519401044
2024-12-04,0.0,0.06025584945696507,0.0,0.0,0.0,0.06318778149692704,0.0,0.0,0.0,0.0,0.0,0.1660886756393586,0.0,0.47135263863240184,0.23911505477434733
2024-12-05,0.0,0.06712103129576241,0.0,0.0,0.0,0.06327520716540695,0.0,0.0,0.0,0.0,0.0,0.17447613368795545,0.0,0.44602836923898453,0.2490992586118907
2024-12-06,0.0,0.07610809593399155,0.0,0.0,0.0,0.06414480337200036,0.0,0.0,0.0,0.0,0.0,0.1648332596796827,0.0,0.4613620766524288,0.23355176436189667
2024-12-07,0.0,0.07201213057835222,0.0,0.0,0.0,0.06701408991611656,0.0,0.0,0.0,0.0,0.0,0.16784443845234506,0.0,0.45910212910018666,0.23402721195299953
2024-12-08,0.0,0.06856020506602072,0.0,0.0,0.0,0.06359048733445935,0.0,0.0,0.0,0.0,0.0,0.1568570100831014,0.0,0.47473071189636673,0.2362615856200518
2024-12-09,0.0,0.03822951148917618,0.0,0.0,0.0,0.10408443242709686,0.0,0.0,0.0,0.0,0.0,0.1403148946451795,0.0,0.49671628396213036,0.22065487747641702
2024-12-10,0.0,0.0441066666345306,0.0,0.02498309502007318,0.0,0.08843665863536794,0.0,0.0,0.0,0.0,0.0,0.12878305035695436,0.0,0.487906749826294,0.22578377952678003
2024-12-11,0.0,0.0,0.0,0.0,0.0,0.05824933847376949,0.0,0.0,0.0,0.0,0.0,0.17876507006668904,0.0,0.5442840401007563,0.21870155135878522
2024-12-12,0.0,0.0,0.0,0.0,0.0,0.02091253023349908,0.0,0.0,0.0,0.0,0.0,0.23352705095652065,0.0,0.48733706417938133,0.25822335463059887
2024-12-13,0.0,0.0,0.0,0.0,0.0,0.02159221398289853,0.0,0.0,0.0,0.0,0.0,0.14309093642481122,0.0,0.5797630466716052,0.2555538029206853
2024-12-14,0.0,0.0,0.0,0.017319085592514723,0.0,0.013987007891199185,0.0,0.0,0.0,0.0,0.0,0.09485859505933722,0.0,0.6265039341880275,0.24733137726892138
2024-12-15,0.0,0.0,0.0,0.0,0.0,0.0,0.0,0.0,0.0,0.009633095590071408,0.0,0.1509753763971258,0.0,0.5745443462886821,0.2648471817241206
2024-12-16,0.0,0.0,0.0,0.0,0.0,0.0,0.0,0.0,0.0,0.002193267105624319,0.0,0.22833978093972856,0.0,0.567623029968627,0.20184392198602016
2024-12-17,0.0,0.0,0.0,0.0,0.0,0.023364016821605323,0.0,0.0,0.0,0.0045508035530261596,0.0,0.2247490420122193,0.0,0.550815153877233,0.19652098373591623
2024-12-18,0.0,0.0,0.0,0.03010768968169219,0.0,0.04101497985187269,0.0,0.0,0.0,0.02607929977713906,0.0,0.17404431348743685,0.0,0.5870080549115808,0.1417456622902784
2024-12-19,0.0,0.0,0.0,0.0,0.0,0.09192435254490866,0.0,0.0,0.0,0.039083963222566395,0.0,0.0,0.0,0.7319987154347602,0.13699296879776465
2024-12-20,0.0,0.0,0.0,0.0,0.0,0.08856775382446143,0.0,0.0,0.0,0.02913058979515045,0.0,0.0,0.0,0.738883888989785,0.14341776739060325
2024-12-21,0.0,0.0,0.0,0.0,0.0,0.1123842069380079,0.0,0.0,0.0,0.0172705734234479,0.0,0.0,0.0,0.7546353884190448,0.11570983121949949
2024-12-22,0.0,0.0,0.0,0.0,0.0,0.1082224101450831,0.0,0.0,0.0,0.007747543806950274,0.0,0.0,0.0,0.7636369786528759,0.12039306739509083
2024-12-23,0.0,0.0,0.0,0.0,0.0,0.10094609539552873,0.0,0.0,0.0,0.008345122277765278,0.0,0.0,0.0,0.7392608293171127,0.15144795300959324
2024-12-24,0.0,0.0,0.0,0.0,0.0,0.09897042539877368,0.0,0.0,0.0,0.0012089312108654574,0.0,0.0,0.0,0.7514369738947546,0.14838366949560625
2024-12-25,0.0,0.0,0.0,0.07268953708362727,0.0,0.16990567150233143,0.0,0.0,0.0,0.0,0.0,0.0,0.0,0.4567165840540119,0.30068820736002944
2024-12-26,0.0,0.0,0.0,0.05659273370993567,0.0,0.1880755378878118,0.0,0.0,0.0,0.0,0.0,0.0,0.0,0.43488107886715716,0.3204506495350954
2024-12-27,0.0,0.0,0.0,0.09981497357562837,0.0,0.10647209258572908,0.0,0.0,0.0,0.011122603971437219,0.0,0.0,0.0,0.4552318253549435,0.3273585045122618
2024-12-28,0.0,0.0,0.0,0.0926207704609485,0.0,0.1156299013543985,0.0,0.0,0.0,0.01492005118406939,0.0,0.0,0.0,0.4533908821395794,0.3234383948610043
2024-12-29,0.0,0.0,0.0,0.10472565623678541,0.0,0.08699200541042545,0.0,0.0,0.0,0.020979173579736988,0.0,0.0,0.0,0.4621472232243553,0.32515594154869687
2024-12-30,0.0,0.0,0.0,0.0825918560057615,0.0,0.1100482024728621,0.0,0.0,0.0,0.0,0.0,0.0,0.0,0.47956647768809224,0.3277934638332842
2024-12-31,0.0,0.0,0.0,0.11681102257295176,0.0,0.07144351110415417,0.0,0.0,0.0,0.0,0.0,0.0,0.0,0.5008125179533869,0.31093294836950724
2025-01-01,0.0,0.010767530038261431,0.0,0.11490631630470885,0.0,0.11680782146190219,0.0,0.0,0.0,0.0,0.0,0.0,0.0,0.3644106837884963,0.39310764840663115
2025-01-02,0.0,0.0,0.0,0.14866177617071602,0.0,0.11103877092932136,0.0,0.0,0.0,0.007136685365853444,0.0,0.0,0.0,0.32254634905037854,0.41061641848373065
2025-01-03,0.0,0.01738488751900581,0.0,0.09196392523710788,0.0,0.16981402100834836,0.0,0.0,0.0,0.0,0.0,0.0,0.0,0.22079480947215407,0.5000423567633839
2025-01-04,0.0,0.0,0.0,0.25303174359437325,0.0,0.024152577386475197,0.0,0.0,0.0,0.0,0.0,0.0,0.0,0.345322872618844,0.37749280640030763
2025-01-05,0.0,0.0,0.0,0.12711462192307924,0.0,0.1213096826235464,0.0,0.0,0.0,0.00972581957995158,0.0,0.0,0.0,0.2664877578648846,0.4753621180085381
2025-01-06,0.0,0.0,0.0,0.14162714051078468,0.0,0.1166461141922011,0.0,0.0,0.0,0.004444588945139156,0.0,0.0,0.0,0.2729904860432082,0.4642916703086668
2025-01-07,0.0,0.0,0.0,0.14124428219203894,0.0,0.13083471643388256,0.0,0.0,0.0,0.0,0.0,0.0,0.0,0.22930501081790003,0.49861599055617845
2025-01-08,0.0,0.0,0.0,0.16866588744824426,0.0,0.12898727816395975,0.0,0.0,0.0,0.017742678533977728,0.0,0.0,0.0,0.23417141448092263,0.4504327413728955
2025-01-09,0.0,0.0,0.0,0.16323278365869404,0.0,0.12227814905871467,0.0,0.0,0.0,0.015266510560055528,0.0,0.0,0.0,0.2480785956789192,0.4511439610436166
2025-01-10,0.0,0.0,0.0,0.20229189470494652,0.0,0.06860886274844465,0.0,0.007817571454285216,0.0,0.017358728456093382,0.0,0.0,0.0,0.3035331916888023,0.400389750947428
2025-01-11,0.0,0.0,0.0,0.18417596539462114,0.0,0.07893681799191091,0.0,0.028019998076226724,0.0,0.007534435754218138,0.0,0.0,0.0,0.2889111986781308,0.4124215841048923
2025-01-12,0.0,0.0,0.0,0.17605355269326675,0.0,0.08319896485094071,0.0,0.04894393306884822,0.0,0.0,0.0,0.0,0.0,0.3187805332824289,0.37302301610451544
2025-01-13,0.0,0.0,0.0,0.1645133023693847,0.0,0.090068711208084,0.0,0.03611880303227775,0.0,0.0,0.0,0.0,0.0,0.34018070446867643,0.3691184789215771
2025-01-14,0.0,0.0,0.0,0.1991524079420383,0.0,0.08152284883114207,0.0,0.007119643617260697,0.0,0.029308245281216054,0.0,0.0,0.0,0.31385633565773297,0.36904051867060983
2025-01-15,0.0,0.0,0.0,0.20094721874959046,0.0,0.0716401255215397,0.0,0.0,0.0,0.036231630406739136,0.0,0.0,0.0,0.3539774979737139,0.33720352734841674
2025-01-16,0.0,0.0,0.0,0.22331122715026,0.0,0.015975173511436267,0.0,0.0758385761828611,0.0,0.010993121843356232,0.0,0.0,0.0,0.3805587699332836,0.2933231313788027
2025-01-17,0.0,0.0,0.0,0.24239326354282986,0.0,0.03693636535387802,0.0,0.04033563550607047,0.0,0.00943371791315176,0.0,0.0,0.0,0.3681964472664717,0.30270457041759813
2025-01-18,0.0,0.0,0.0,0.23563412015971982,0.0,0.033671866583074805,0.0,0.05228053310628545,0.0,0.0,0.0,0.0,0.0,0.3858911763744319,0.2925223037764881
2025-01-19,0.0,0.0,0.0,0.1891269594877216,0.0,0.058176686431567974,0.0,0.08847733379245169,0.0,0.0,0.0,0.0,0.0,0.3533974665280659,0.3108215537601928
2025-01-20,0.0,0.0,0.0,0.18268556314514434,0.0,0.07563197735902094,0.0,0.07369812778070803,0.0,0.0,0.0,0.0,0.0,0.3518750160022109,0.31610931571291584
2025-01-21,0.0,0.0,0.0,0.1428256972998702,0.0,0.059197387476764285,0.0,0.10748540817723147,0.0,0.0,0.0,0.0,0.0,0.3466772539426588,0.34381425310347513
2025-01-22,0.03612813845971728,0.0,0.0,0.10667555618054549,0.0,0.034959186233368994,0.0,0.08117094244540433,0.0,0.0,0.0,0.0,0.0,0.4350944338504477,0.3059717428305162
2025-01-23,0.12014608950462524,0.0,0.0,0.21274268583049116,0.0,0.07833469829665989,0.0,0.0,0.0,0.0,0.0,0.0,0.0,0.27096124578240516,0.3178152805858186
2025-01-24,0.1760502881024232,0.0,0.0,0.1931388258515437,0.0,0.0628071356861266,0.009639523645990761,0.0,0.0,0.0,0.0,0.0,0.0,0.2885976343002574,0.26976659241365825
2025-01-25,0.20732849229249814,0.0,0.0,0.22780775799182978,0.0,0.0,0.027211401703863984,0.0,0.0,0.0,0.0,0.0,0.0,0.3600788299825393,0.1775735180292687
2025-01-26,0.31113530913017706,0.0,0.0,0.08256807503388072,0.0,0.02861252405125718,0.0,0.0,0.0,0.0,0.0,0.0,0.01597464381674049,0.3955122800885586,0.16619716787938607
2025-01-27,0.3250963202682484,0.0,0.0,0.09399782231919834,0.0,0.020687941024272443,0.0,0.0,0.0,0.0,0.0,0.0,0.0,0.41494590585403857,0.14527201053424227
2025-01-28,0.33105237846490504,0.0,0.0,0.08195260326318314,0.0,0.016177413140102414,0.0,0.0,0.0,0.0,0.0,0.0,0.005026871263511018,0.4220130048166467,0.14377772905165173
2025-01-29,0.35877522369792914,0.0,0.0,0.09054022514061172,0.0,0.0067902466087721505,0.0,0.0,0.0,0.0,0.0,0.0,0.00899396045623781,0.40772840542735056,0.12717193866909865
2025-01-30,0.38964619659259814,0.0,0.0,0.08690698731119098,0.0,0.015373580856722954,0.0,0.0,0.0,0.0,0.0,0.0,0.0,0.3934887394370988,0.11458449580238914
2025-01-31,0.3528693813228419,0.0,0.0,0.09700160894547653,0.0,0.06547605991503143,0.0,0.0,0.0,0.0,0.05431589762230575,0.0,0.0,0.26895612938358004,0.16138092281076435
2025-02-01,0.404383880131544,0.0,0.0,0.0798613794542202,0.0,0.008289299262128999,0.0,0.0,0.0,0.0009518962053604264,0.0,0.0,0.015576311402161218,0.34807982411774346,0.1428574094268417
2025-02-02,0.4231579915619579,0.0,0.0,0.06518230382381246,0.0,0.012659171692602823,0.0,0.0,0.0,0.0047589100837451695,0.0,0.0,0.007808809717238225,0.3449043197668938,0.1415284933537496
2025-02-03,0.38944949358656666,0.0,0.0,0.09812457587087417,0.0,0.005955754062773201,0.0,0.0,0.0,0.01345068985468724,0.0,0.0,0.010889352754310746,0.3267745635424367,0.15535557032835123
2025-02-04,0.41878451565713504,0.0,0.0,0.03824499194280102,0.0,0.03852749403775471,0.0,0.0,0.0,0.045886311574515976,0.0,0.0,0.0,0.2767785934475724,0.18177809334022102
2025-02-05,0.45628278177795023,0.0,0.0,0.0,0.0,0.060797578608045875,0.0,0.0,0.0,0.04790876205833068,0.0,0.0,0.0,0.24478685141569145,0.19022402613998185
2025-02-06,0.3117802568047073,0.0,0.0,0.0,0.0,0.0,0.0,0.0,0.0,0.028277360150163907,0.006415517700521243,0.0,0.07531512428774298,0.4441120427386571,0.1340996983182074
2025-02-07,0.32483543623472416,0.0,0.0,0.0,0.0,0.0,0.0,0.0,0.0,0.04194871661618691,0.01242714462698066,0.031394259700309575,0.060185503272611754,0.3559944375365961,0.1732145020125908
2025-02-08,0.2895274289901655,0.0,0.0,0.0,0.0,0.0,0.0,0.0,0.0,0.028684853728480498,0.014356113835069694,0.05748737756721303,0.0796564940832946,0.35313517231806274,0.1771525594777139
2025-02-09,0.24031794388314093,0.0,0.0,0.0,0.0,0.00754381250867219,0.0,0.0,0.0,0.023498019240892253,0.0,0.05073552442267506,0.09139501553537183,0.41101808667283896,0.17549159773640888
2025-02-10,0.22502552581350946,0.0,0.0,0.0,0.0,0.05467822774190792,0.0,0.0,0.0,0.008654907194687974,0.00013984441396931258,0.09135337981829533,0.08338026625203958,0.3731403002097096,0.16362754855588071
2025-02-11,0.16170387988589394,0.0,0.0,0.0,0.0,0.06110005605852511,0.0,0.0,0.0,0.0,0.0,0.09291937979849721,0.11436917027919968,0.3918582558165914,0.1780492581612927
2025-02-12,0.19648976048456762,0.0,0.0,0.0,0.0,0.06582981599628554,0.0,0.0,0.0,0.0,0.0020514041245553788,0.12295907032529442,0.08808621784500384,0.356959051229963,0.16762467999433012
2025-02-13,0.10954794756669213,0.0,0.0,0.0,0.0,0.11125655449263457,0.0,0.0,0.0,0.0,0.07209288903006505,0.2546733038557468,0.0,0.2981867996532701,0.15424250540159126
2025-02-14,0.05776376276654864,0.0,0.0,0.0,0.0,0.09697477535437721,0.0,0.0,0.0,0.0,0.07223941708134834,0.2883760161719476,0.0,0.3934491635588827,0.09119686506689545
2025-02-15,0.0,0.0,0.022294235818849147,0.0,0.0,0.17801865506009176,0.0,0.0,0.0,0.0,0.09494308869562203,0.17749548010646604,0.0008178205036472217,0.381255589451815,0.14517513036350874
2025-02-16,0.0,0.0,0.0,0.0,0.0,0.20762878138888313,0.0,0.033702951244559354,0.0,0.0,0.08514143214330114,0.0,0.14707456864742624,0.3279632392394066,0.19848902733642346
2025-02-17,0.0,0.0,0.18165258004960896,0.0,0.0,0.16411011688264135,0.0,0.039293498598404815,0.0,0.0,0.10361031616497147,0.0,0.0,0.4355612234713376,0.07577226483303581
2025-02-18,0.019356360579314946,0.0,0.19949456863272483,0.0,0.0,0.17861453189657264,0.0,0.02968831739419628,0.0,0.0,0.10559051982589567,0.0,0.0,0.4368269830013576,0.030428718669938064
2025-02-19,0.02585538150028007,0.0,0.19193021775486904,0.0,0.0,0.18394338712552444,0.0,0.09218854557923735,0.0,0.0,0.11764374751030804,0.0,0.0,0.36959202089526877,0.018846699634512225
2025-02-20,0.0,0.0,0.0778601829538622,0.04298570344339245,0.0,0.17889240704951148,0.0,0.0,0.0,0.11823232385176737,0.25448629109325305,0.0,0.0,0.19263810068129492,0.13490499092691843
2025-02-21,0.04229640740111036,0.0,0.0,0.0,0.0,0.09023531010273186,0.0,0.0,0.0,0.1930704056169992,0.3146615823468064,0.0,0.0,0.14511750212367844,0.21461879240867365
2025-02-22,0.0682353600753983,0.0,0.0,0.0,0.0,0.027099921627291274,0.0,0.0,0.0,0.20643198350261424,0.3494109622092197,0.0,0.0,0.17481472821271526,0.1740070443727612
2025-02-23,0.09028424537996946,0.0,0.0,0.0,0.0,0.019043000370665412,0.0,0.0,0.0,0.2052639288426142,0.35366513854372084,0.0,0.0,0.1995819719617261,0.13216171490130393
2025-02-24,0.08442945666700495,0.0,0.0,0.0,0.0,0.09210219249157253,0.0,0.0,0.0,0.20654333030547958,0.271885572917006,0.0,0.0,0.19954762550179841,0.14549182211713846
2025-02-25,0.052528366571525785,0.0,0.0,0.0,0.0,0.06439899814248617,0.0,0.0,0.0,0.20432320241002536,0.26391370314398954,0.0,0.0,0.2219614158730444,0.19287431385892878
2025-02-26,0.1748796325009954,0.0,0.0,0.0,0.0,0.14336308597329378,0.0,0.0,0.0,0.19019703962508117,0.22645465638038115,0.0,0.0,0.17944737627385957,0.08565820924638909
2025-02-27,0.17211112295815498,0.0,0.0,0.0,0.0,0.11299941774739868,0.0,0.0,0.0,0.20193464450655707,0.23412990140661916,0.0,0.0,0.12944904972013482,0.14937586366113534
2025-02-28,0.1927060010440229,0.0,0.0,0.0,0.0,0.14053407672593646,0.0,0.0,0.0,0.1901762382461327,0.21009662796007297,0.0,0.0,0.12568824322575697,0.14079881279807807
2025-03-01,0.2058757582926586,0.0,0.0,0.0,0.0,0.11235648826042625,0.0,0.0,0.0,0.18934226426806441,0.18726584768397248,0.0,0.0,0.15001769154868155,0.15514194994619668
2025-03-02,0.13643689400293638,0.0,0.0,0.0,0.0,0.11624168220169262,0.0,0.0,0.0,0.19422751809000643,0.1585608788528257,0.0,0.0,0.18059077724599326,0.21394224960654556
2025-03-03,0.047032302467420455,0.0,0.0,0.0,0.0,0.12376684587285813,0.0,0.0,0.0,0.21061823543710584,0.19191784267504364,0.0,0.0,0.18248826267799148,0.24417651086958042
2025-03-04,0.08819258610060353,0.0,0.0,0.0,0.0,0.0637335688591574,0.0,0.0,0.0,0.19338332784285736,0.14212676842473285,0.0,0.0,0.25409418467230444,0.25846956410034444
2025-03-05,0.07528028728076677,0.0,0.0,0.0,0.0,0.0962209206836781,0.0,0.0,0.0,0.19065282559425148,0.1743721692511441,0.0,0.0,0.23633981932733975,0.22713397786281972
2025-03-06,0.010342351491968141,0.0,0.093575550329666,0.0,0.0,0.05791120271396852,0.0,0.0,0.0,0.20179878411930519,0.10856790251418746,0.0,0.0,0.20999493396302657,0.3178092748678781
2025-03-07,0.1354763406377874,0.0,0.07529982560071963,0.0,0.0,0.0,0.0,0.0,0.0,0.16934571806985704,0.07543003811695143,0.0,0.0,0.3161251149410851,0.2283229626335994
2025-03-08,0.1541982550593,0.0,0.09523687869891025,0.0,0.011603250564871858,0.0,0.0,0.0,0.0,0.1417000488177388,0.03270220211356844,0.0,0.0,0.3546682676673302,0.2098910970782805
2025-03-09,0.18364718180468684,0.0,0.06900858044261449,0.0,0.0,0.0,0.0,0.0,0.0,0.13990301127654978,0.0,0.0,0.0,0.361088155071999,0.24635307140414986
2025-03-10,0.21796916706206804,0.0,0.07075779367385804,0.0,0.08578293945287728,0.0,0.0,0.0,0.0,0.08414314745144112,0.0,0.0,0.0,0.41579620710981413,0.1255507452499414
2025-03-11,0.13581556228864108,0.0,0.11775956844995213,0.0,0.07121595887212874,0.0,0.0,0.0,0.0,0.1269180195915409,0.029543493207252802,0.0,0.0,0.3669543664643714,0.15179303112611306
2025-03-12,0.12299364388402917,0.0,0.11430066511563045,0.0,0.07423918661720681,0.0,0.0,0.0,0.0,0.13505000256533622,0.025451476773728103,0.0,0.0,0.37134875949738666,0.15661626554668262
2025-03-13,0.15916096272177702,0.0,0.02357483197108876,0.0,0.08501572694821603,0.0,0.0,0.0,0.0,0.15633732412082188,0.0690175556401745,0.0,0.0,0.40461997147370504,0.10227362712421668
2025-03-14,0.16464088244586259,0.0,0.007205100124266362,0.0,0.06698437953458969,0.0,0.0,0.0,0.0,0.2031586792335466,0.044556277635458386,0.0,0.0,0.4028003334853233,0.11065434754095295
2025-03-15,0.19576421602387256,0.0,0.0,0.0,0.022646492520781724,0.0,0.0,0.0,0.0,0.28721412894184745,0.05690876447753929,0.0,0.0,0.437466398035959,0.0
2025-03-16,0.21630141112877616,0.0,0.0,0.0,0.0,0.0,0.0,0.0,0.0,0.2965650590646932,0.06955726313672539,0.0,0.0,0.4108577015637781,0.006718565106027041
2025-03-17,0.21750208336025353,0.0,0.0,0.0,0.0,0.0,0.0,0.008097454341392953,0.0,0.3260006403787878,0.04552393136230182,0.0,0.0,0.4028758905572639,0.0
2025-03-18,0.2072189111014169,0.0,0.0,0.0,0.0,0.0,0.0,0.049418571469662186,0.0,0.3363441846920989,0.02030579957341368,0.0,0.0,0.3867125331634083,0.0
2025-03-19,0.1689838895970504,0.0,0.0,0.0,0.0,0.0,0.0,0.04872355702906535,0.0,0.3295364849116947,0.03764010333733189,0.0,0.0,0.4151159651248576,0.0
2025-03-20,0.16299029392281986,0.0,0.0,0.0,0.001845230337956363,0.0,0.0,0.0439455122953501,0.0,0.31864039696989804,0.06198019348593824,0.0,0.0,0.4105983729880374,0.0
2025-03-21,0.18084770438354525,0.0,0.0,0.0,0.0,0.0,0.0,0.027108884145038495,0.0,0.3225512804746006,0.06008648241887649,0.0,0.0,0.40940564857793915,0.0
2025-03-22,0.13046890229851968,0.0,0.0,0.0,0.0,0.0,0.0,0.07661565429235423,0.0,0.3163961906927911,0.0728377287495008,0.0,0.0,0.40368152396683415,0.0
2025-03-23,0.11106501810489182,0.0,0.0,0.0,0.0,0.0,0.0,0.09674076506756868,0.0,0.32110989213308505,0.05745677114350223,0.0,0.0,0.4136275535509522,0.0
2025-03-24,0.19784543141139002,0.0,0.0,0.0,0.0,0.0,0.0,0.008811363705919067,0.0,0.3230054566712857,0.042050126976203674,0.0,0.0,0.42828762123520153,0.0
2025-03-25,0.20114466476284634,0.0,0.0,0.0,0.0,0.0,0.0,0.0,0.0,0.3357756108179266,0.03875746007025935,0.0,0.0,0.42432226434896764,0.0
2025-03-26,0.17967871511825204,0.0,0.0,0.0,0.0,0.0,0.0,0.0,0.0,0.331123416973597,0.07215882454735296,0.0,0.0,0.417039043360798,0.0
2025-03-27,0.1721113775280963,0.0,0.0,0.0,0.0,0.0,0.0,0.0,0.0,0.3390514030223177,0.044706955400166844,0.0,0.0,0.44413026404941913,0.0
2025-03-28,0.1689925078830125,0.0,0.0,0.0,0.0,0.0,0.0,0.0,0.0,0.3480156612469789,0.038935419459949425,0.0,0.0,0.4440564114100592,0.0
2025-03-29,0.1609868469468564,0.0,0.0,0.0,0.0,0.0,0.0,0.0,0.0,0.2996864566725435,0.12935547871574013,0.0,0.0,0.4099712176648601,0.0
2025-03-30,0.12050710061126418,0.0,0.0,0.0,0.0,0.0,0.0,0.0,0.0,0.31473009009572533,0.13001782647416565,0.0,0.0,0.4347449828188449,0.0
2025-03-31,0.06979354511433523,0.0,0.0,0.0,0.0,0.0,0.0,0.0,0.0,0.37243302875622397,0.057229609852528326,0.0,0.0,0.5005438162769125,0.0
2025-04-01,0.02344864561379549,0.0,0.0,0.0,0.015574531576132186,0.0,0.0,0.0,0.0,0.4119786195136335,0.0,0.0,0.0,0.5489982032964388,0.0
2025-04-02,0.0,0.0,0.0,0.0,0.03619614822419961,0.0,0.0,0.0,0.0,0.4379595525389103,0.0,0.008905102555801033,0.0,0.5169391966810891,0.0
2025-04-03,0.0,0.0,0.012789019998192685,0.0,0.04206649438425167,0.0,0.0,0.0,0.0,0.4771486670304843,0.0,0.062173344478102355,0.0,0.405822474108969,0.0
2025-04-04,0.020415686465007726,0.0,0.0,0.0,0.01947037975939789,0.0,0.0,0.0,0.0,0.4403110860731057,0.0,0.04526107905085722,0.0,0.47454176865163156,0.0
2025-04-05,0.029105233065957435,0.0,0.0,0.0,0.0,0.0,0.0,0.0,0.0,0.4101456973609383,0.0,0.05966124629346938,0.0,0.5010878232796347,0.0
2025-04-06,0.03114313139088383,0.0,0.0,0.0,0.0,0.0,0.0,0.0,0.0,0.39175857066135483,0.0,0.06270714588190633,0.0,0.5143911520658551,0.0
2025-04-07,0.016709668030354348,0.0,0.0,0.0,0.0,0.0,0.0,0.0,0.0,0.4256055481651265,0.0,0.038775117175720755,0.0,0.5189096666287983,0.0
2025-04-08,0.00991361087250307,0.0,0.0,0.0,0.0,0.0,0.0,0.0,0.0,0.4279291027333709,0.0,0.058386035580614976,0.0,0.503771250813511,0.0
2025-04-09,0.04289214471331753,0.0,0.0,0.0,0.0,0.010334535897895642,0.0,0.0,0.0,0.42995327972109776,0.0,0.0,0.0,0.516820039667689,0.0
2025-04-10,0.03912161325288593,0.0,0.0,0.0,0.0,0.0,0.0,0.0,0.0,0.28312872259508104,0.0,0.0,0.0,0.6777496641520331,0.0
2025-04-11,0.01501624321157119,0.0,0.0,0.0,0.0,0.0,0.0,0.0,0.0,0.3089716029132659,0.0,0.0,0.0,0.6665817732166026,0.009430380658560228
2025-04-12,0.025383117985024177,0.0,0.0,0.0,0.0,0.0,0.0,0.0,0.0,0.2905490792677766,0.0,0.0,0.0,0.6840678027471992,0.0
2025-04-13,0.030783301106292477,0.0,0.0,0.0,0.0,0.0,0.0,0.0,0.0,0.2534736594865826,0.0,0.0,0.0,0.6989321127306686,0.01681092667645637
2025-04-14,0.03330238186388274,0.0,0.0,0.0,0.0,0.0,0.0,0.0,0.0,0.2611248476635374,0.0,0.0,0.0,0.6999769998818209,0.005595770590759013
2025-04-15,0.09891048928735818,0.0,0.0,0.0,0.0,0.00023358394104210838,0.0,0.0,0.0,0.24698404375179273,0.0,0.0,0.0,0.653871883019807,0.0
2025-04-16,0.11488446429376735,0.0,0.0,0.0,0.0,0.02261614174535603,0.0,0.0,0.0,0.2514728932579914,0.0,0.0,0.0,0.6110265007028852,0.0
2025-04-17,0.10395255652312445,0.0,0.0,0.0,0.0,0.05268097279998679,0.0,0.0,0.0,0.2637445600986185,0.0,0.0,0.0,0.5796219105782702,0.0
2025-04-18,0.14582958972965646,0.0,0.0,0.0,0.0,0.13110538718880504,0.0,0.0,0.0,0.2577175191462741,0.0,0.0,0.0,0.4653475039352646,0.0
2025-04-19,0.10530532123083457,0.0,0.0,0.0,0.0,0.2636297123468735,0.0,0.0,0.0,0.26140278128505273,0.0,0.0,0.0,0.36751416083771443,0.00214802429952473
2025-04-20,0.044126644232664956,0.0,0.0,0.0,0.03230823675447734,0.3531312728036594,0.0,0.0,0.0,0.33192346235329645,0.0,0.0,0.0,0.20309825620790806,0.0354121276479937
2025-04-21,0.0,0.0,0.0,0.0,0.07583525552710983,0.3599336594742002,0.0,0.0,0.0,0.3484269755485317,0.0,0.0,0.0,0.18125034353669914,0.03455376591345915
2025-04-22,0.013812020069806124,0.0,0.0,0.0,0.05953359041713927,0.33936574569265904,0.0,0.0,0.0,0.3637223273560559,0.0,0.0,0.0,0.17681630537895,0.04675001108538965
2025-04-23,0.019935111645254237,0.0,0.0,0.0,0.06471756328433688,0.3613488141219371,0.0,0.0,0.0,0.34953628851427054,0.0,0.0,0.0,0.1621615485200395,0.04230067391416164
2025-04-24,0.0,0.0,0.0,0.0,0.06613844480750677,0.35612661891928554,0.0,0.0,0.0,0.3724936696608037,0.0,0.0,0.0,0.1518882097582865,0.053353056854117405
2025-04-25,0.0,0.0,0.0,0.0,0.052704871499739785,0.3438830316757973,0.0,0.0,0.0,0.3996982897683574,0.0,0.0,0.0,0.13914118957596602,0.06457261748013934
2025-04-26,0.0,0.0,0.0,0.0,0.056766010414288325,0.3316355434586425,0.0,0.0,0.0,0.3866773135615888,0.0,0.0,0.0,0.1676127407755174,0.057308391789962956
2025-04-27,0.0,0.0,0.0,0.0,0.07683904601621687,0.31105164933908247,0.0,0.0,0.0,0.31928774160989853,0.0,0.0,0.0,0.23840188398538847,0.0544196790494136
2025-04-28,0.0,0.0,0.0,0.0,0.16406775867524415,0.31784870649767644,0.0,0.0,0.0,0.24464798811521934,0.0,0.0,0.0,0.2734355467118601,0.0
2025-04-29,0.0,0.0,0.0,0.0,0.12978112318971038,0.30269504136938175,0.0,0.0,0.0,0.27116305484342673,0.0,0.0,0.0,0.284541913588164,0.011818867009317162
2025-04-30,0.0,0.0,0.0,0.0,0.10362820414490143,0.2802831185961169,0.0,0.0,0.0,0.2885789038698729,0.0,0.0,0.0,0.30204476462937513,0.02546500875973363
2025-05-01,0.0,0.0,0.0,0.0,0.10142958746298654,0.2845780479740888,0.0,0.0,0.0,0.3256645089264142,0.0,0.0,0.0,0.213637901944304,0.07468995369220653
2025-05-02,0.0,0.0,0.0,0.0,0.0,0.4079120143921075,0.0,0.0,0.0,0.17222366218147175,0.0,0.06000787704927713,0.0,0.30735244791759186,0.052503998459551664
2025-05-03,0.0,0.0,0.0,0.0,0.0,0.39726400877363444,0.0,0.0,0.0,0.10957214888145478,0.0,0.11473372145086111,0.0,0.34883844290426036,0.02959167798978934
2025-05-04,0.0,0.0,0.0,0.0,0.0,0.4047611877640909,0.0,0.0,0.0,0.08778486710195658,0.0,0.1305959356601716,0.0,0.3500292949029485,0.026828714570832333
2025-05-05,0.0,0.0,0.0,0.0,0.0,0.37917555603166714,0.0,0.0,0.0,0.03636801049903803,0.0,0.26109708931665165,0.0,0.298137859083142,0.025221485069501004
2025-05-06,0.0,0.0,0.0,0.0,0.0,0.3458129434801614,0.0,0.0,0.0,0.020254583103792946,0.01615289178721137,0.3024801508899004,0.0,0.29245767765598196,0.022841753082952075
2025-05-07,0.0,0.0,0.0,0.0,0.0,0.3720580699912546,0.0,0.0,0.0,0.04385898205863283,0.010495980692893621,0.302025570086872,0.0,0.20524617826776415,0.06631521890258286
2025-05-08,0.0,0.0,0.0,0.0,0.0,0.34982174130316734,0.0,0.0,0.056088969065475766,0.02287267885390297,0.0,0.3671328218602951,0.0,0.1660046851282991,0.03807910378885976
2025-05-09,0.0,0.0,0.0,0.0,0.0,0.34954875288649456,0.0,0.0,0.00879014886816913,0.06803605172835697,0.0,0.286736107859389,0.0,0.21415583707333072,0.07273310158425952
2025-05-10,0.0,0.0,0.0,0.0,0.0,0.3756455698251174,0.0,0.0,0.021603332885790884,0.02700086046380183,0.0,0.36717771056125614,0.0,0.12836380025282204,0.08020872601121191
2025-05-11,0.0,0.0,0.0,0.0,0.0,0.36444884190625043,0.0,0.0,0.0,0.14647124577312062,0.0,0.024340237910470644,0.0,0.34266463095755223,0.12207504345260614
2025-05-12,0.0,0.0,0.0,0.0,0.0,0.36177784027908777,0.0,0.0,0.0,0.16003292587548792,0.0,0.003886568089724396,0.0,0.3487193526890432,0.12558331306665668
2025-05-13,0.0,0.0,0.0,0.0,0.0,0.36061796558179887,0.0,0.0,0.0,0.15466233194966322,0.0,0.01544398124295153,0.0,0.34336516782974374,0.12591055339584262
2025-05-14,0.0,0.0,0.0,0.0,0.0,0.34655251561402495,0.0,0.0,0.0,0.14698899413484764,0.0,0.05458941294052521,0.0,0.3328233077647856,0.1190457695458166
2025-05-15,0.0,0.0,0.0,0.0,0.0,0.3604860549178195,0.0,0.0,0.0,0.15495626136891644,0.0,0.05217073332270558,0.0,0.28825018768970223,0.14413676270085635
2025-05-16,0.0,0.0,0.0,0.0,0.0,0.33883211423835374,0.0,0.0,0.0,0.14634528883735842,0.0,0.07786602766491778,0.0,0.29084575314141276,0.1461108161179573
2025-05-17,0.0,0.0,0.0,0.0,0.0,0.34999880407844663,0.0,0.0,0.0,0.15312180556295368,0.0,0.02700429086696447,0.0,0.3099618701371387,0.1599132293544965
2025-05-18,0.0,0.0,0.0,0.0,0.0,0.370055805120902,0.0,0.0,0.0,0.14343669342948226,0.0,0.026130404131958076,0.0,0.3103103142748181,0.1500667830428396
2025-05-19,0.0,0.0,0.0,0.0,0.0,0.3669302009793194,0.0,0.0,0.0,0.15025923078345135,0.0,0.024140642307042947,0.0,0.29846549980167153,0.16020442612851474
2025-05-20,0.0,0.0,0.0,0.0,0.0,0.44508663645742846,0.0,0.0,0.0,0.12242271346635367,0.012807543246791968,0.0,0.0,0.26230801559555894,0.15737509123386692
2025-05-21,0.0,0.0,0.0,0.0,0.0,0.48967004780199724,0.0,0.0,0.0,0.1454700554819023,0.06187091480640028,0.0,0.0,0.020322549039747253,0.2826664328699531
2025-05-22,0.0,0.0,0.0,0.0,0.008573206677228417,0.43158767997623904,0.0,0.0,0.0,0.17510579200419463,0.09101712580989375,0.0,0.0,0.034225039402832905,0.2594911561296112
2025-05-23,0.0,0.0,0.0,0.0,0.032013212691824555,0.4317113531088695,0.0,0.0,0.0,0.21651147078829616,0.040804420171139534,0.0,0.0,0.0,0.2789595432398703
2025-05-24,0.0,0.0,0.0,0.0,0.0,0.4399893498254712,0.0,0.0,0.02217762040809453,0.16583934359404098,0.06173805209135849,0.0,0.0,0.1239183385102032,0.1863372955708316
2025-05-25,0.0,0.0,0.0,0.0,0.0,0.42031193395500516,0.0,0.0,0.02688719324003087,0.17727313874165973,0.0630731254789038,0.0,0.0,0.11653100722414787,0.19592360136025258
2025-05-26,0.0,0.0,0.0,0.0,0.013611300124459812,0.39704041348256275,0.0,0.0,0.02084128820232763,0.22325372461312895,0.07836550760415742,0.0,0.0,0.05970144499019317,0.20718632098317036
2025-05-27,0.0,0.0,0.0,0.0,0.013427189779987818,0.3758872090930424,0.0,0.0,0.006020913391964491,0.1616441996162988,0.08800559803987876,0.0,0.0,0.16629974065209652,0.1887151494267312
2025-05-28,0.0,0.0,0.0,0.0,0.015938233734707645,0.36165408795233056,0.0,0.0,0.01973506192195724,0.1637939702269982,0.093679046756291,0.0,0.0,0.1588071637900786,0.18639243561763666
2025-05-29,0.0,0.0,0.0,0.0,0.012571322503875009,0.39666792144394947,0.0,0.0,0.0,0.15594824840951388,0.06803638462832888,0.0,0.0,0.1828673890586703,0.18390873395566237
2025-05-30,0.0,0.0,0.0,0.0,0.016436576144954897,0.3963349020071465,0.0,0.0,0.0,0.15670266066468813,0.06920102865738274,0.0,0.0,0.17842279496468946,0.18290203756113826
2025-05-31,0.0,0.0,0.0,0.0,0.005732983485409296,0.4473183899254019,0.0,0.0,0.0,0.1418588702551692,0.05932972994298485,0.009634649918447778,0.0,0.15918676055867492,0.176938615913912
2025-06-01,0.0,0.0,0.0,0.0,0.017015150502681133,0.4504933158338559,0.0,0.0,0.0015939660664686806,0.13688414146115624,0.055735161181187785,0.004051542538195798,0.0,0.15717066104287875,0.1770560613735756
2025-06-02,0.0,0.0,0.0,0.0,0.018330090753424122,0.46135297833876976,0.0,0.0,0.0,0.1082101564464831,0.05409681079697832,0.0,0.0,0.20367378926045765,0.154336174403887
2025-06-03,0.0,0.0,0.0,0.0,0.034206962852046795,0.4587162676482918,0.0,0.0,0.0,0.14154200223809346,0.039519459901237904,0.0,0.0,0.14943685956876634,0.17657844779156368
2025-06-04,0.0,0.0,0.0,0.0,0.03794165459647614,0.43825051924483716,0.0,0.0,0.0,0.12748329159136912,0.042575193069316945,0.0,0.0,0.20018241883218707,0.15356692266581343
2025-06-05,0.0,0.0,0.0,0.0,0.028058663845115173,0.41536029998088553,0.0,0.0,0.0,0.10727470667212323,0.039665382712284335,0.03688391736096451,0.0,0.2471600981558131,0.1255969312728139
2025-06-06,0.0,0.0,0.0,0.0,0.04557027311999348,0.37474918166460114,0.0,0.0,0.0,0.10905310151126055,0.047080543677087625,0.06942995730194138,0.0,0.22211785585772428,0.13199908686739156
2025-06-07,0.0,0.0,0.0,0.0,0.04783888441629743,0.3495773585710824,0.0,0.0,0.0,0.08447912521716654,0.04925704795325535,0.11366574625416087,0.0,0.24018719289821355,0.11499464468982389
2025-06-08,0.0,0.0,0.0,0.0,0.036505059445228624,0.28849625812004825,0.0,0.0,0.0,0.0784894078386428,0.07196326707852961,0.16611259411018417,0.0,0.2537995939753726,0.1046338194319938
2025-06-09,0.0,0.0,0.0,0.0,0.01265804670811927,0.3136750148555546,0.0,0.0,0.0,0.07151904048257884,0.06483117957203423,0.1841449765712996,0.0,0.2574532631598486,0.09571847865056476
2025-06-10,0.0,0.0,0.0,0.0,0.0,0.2596850146712475,0.0,0.0,0.0,0.09780575555782688,0.05324037263847037,0.1626304492860626,0.0,0.3216377947306716,0.10500061311572105
2025-06-11,0.0,0.0,0.0,0.0,0.009813292012102846,0.30812134547608666,0.0,0.0,0.0,0.061276413390164285,0.046432192876692445,0.1809161296400351,0.0,0.28430624332857163,0.10913438327634715
2025-06-12,0.0,0.0,0.0,0.0,0.02929379944917571,0.34106170716136175,0.0,0.0,0.0,0.05146180478167479,0.05684101048434716,0.18389059727627374,0.0,0.2416076100221992,0.09584347082496766
2025-06-13,0.0,0.0,0.0,0.0,0.03961232569870783,0.35107588651853205,0.0,0.0,0.0,0.031066737910944935,0.05464462868329603,0.1943122268966795,0.0,0.2562251992774916,0.07306299501434811
2025-06-14,0.0,0.0,0.0,0.0,0.044358483304000905,0.3235933736087881,0.0,0.0,0.0,0.03214484517385873,0.0652148888329598,0.2031939455174655,0.0,0.2393140060513198,0.0921804575116072
2025-06-15,0.0,0.0,0.0,0.0,0.04941017929682587,0.3252169665061744,0.0,0.0,0.0,0.03929536647745982,0.06281296582878435,0.192203920231126,0.0,0.23037689318751498,0.10068370847211458
2025-06-16,0.0,0.0,0.0,0.0,0.03579460160559783,0.328473026933328,0.0,0.0,0.0,0.0408081511989485,0.0621183239533694,0.189137726519722,0.0,0.2379756878899263,0.10569248189910799
2025-06-17,0.0,0.0,0.0,0.0,0.01834624861883298,0.329511894232812,0.0,0.0,0.0,0.021150102132016665,0.05496011242666465,0.1676629780720161,0.0,0.3192391372567491,0.08912952726090846
2025-06-18,0.0,0.0,0.0,0.0,0.012249812985358233,0.3384813660379288,0.0,0.0,0.0,0.014443789937169426,0.050093514146392945,0.17570716521003363,0.0,0.3198275865279426,0.08919676515517444
2025-06-19,0.0,0.0,0.0,0.0,0.05140284583801513,0.3235795886960106,0.0,0.0,0.0,0.030207192276188545,0.06100967619378392,0.14597201776606095,0.0,0.2590657488648665,0.12876293036507436
2025-06-20,0.0,0.0,0.0,0.0,0.052849866102814246,0.32385445303821636,0.0,0.0,0.0,0.02427379522783329,0.06698168856640326,0.135969222991349,0.0,0.26686822076487343,0.12920275330851047
2025-06-21,0.0,0.0,0.0,0.0,0.04310984764999742,0.3929406013669758,0.0,0.0,0.0,0.02624724621499539,0.0785104979437519,0.11010677500005793,0.0,0.21490033658545768,0.13418469523876397
2025-06-22,0.0,0.0,0.0,0.0,0.05714264289410224,0.35106063177286756,0.0,0.0,0.0,0.012057656042829075,0.07677527394494389,0.12398944275529557,0.0,0.26189752246879566,0.11707683012116593
2025-06-23,0.0,0.0,0.0,0.0,0.17276840494947002,0.45001548222737847,0.0,0.0,0.0,0.022255180125014228,0.033384892526594434,0.16433937758561432,0.0,0.06709399056641566,0.0901426720195129
2025-06-24,0.0,0.0,0.0,0.0,0.24901543026758147,0.3913919325955127,0.0,0.0,0.0,0.0,0.02510134131154289,0.18967679894589184,0.0,0.0665405805358942,0.0782739163435769
2025-06-25,0.0,0.0,0.0,0.0,0.24071495100441928,0.37456761216071577,0.0,0.0,0.0,0.0,0.03182387892774422,0.1746769306321903,0.0,0.11363297027077562,0.06458365700415478
2025-06-26,0.0,0.0,0.0,0.0,0.21132668043109748,0.4053826427933248,0.0,0.0,0.0,0.0029308926953441664,0.0402006343327005,0.13580349930006522,0.0,0.11813721001434939,0.0862184404331185
2025-06-27,0.0,0.0,0.0,0.0,0.217257895315731,0.4624143894191147,0.0,0.0,0.0,0.0,0.02836160748446912,0.08511235715430623,0.0,0.12505211420943443,0.08180163641694446
2025-06-28,0.0,0.0,0.0,0.0,0.20361899062328442,0.5510090910979513,0.0,0.0,0.0,0.0,0.0354310973313795,0.06690057201252501,0.0,0.07886574496751933,0.06417450396734038
2025-06-29,0.0,0.0,0.0,0.0,0.21315507086893073,0.5519735474023695,0.0,0.0,0.0,0.0,0.0386654902768726,0.06317887368420226,0.0,0.0700639189736773,0.06296309879394756
2025-06-30,0.0,0.0,0.0,0.0,0.2035644052085758,0.5518450592155253,0.0,0.0,0.0,0.0,0.04083052479543725,0.06167091416449897,0.0,0.07677712378310898,0.06531197283285371
2025-07-01,0.0,0.0,0.0,0.0,0.24746287332642877,0.5474808509579328,0.0,0.0,0.0,0.0,0.0325041473484479,0.0680880931153135,0.0,0.039252401416131004,0.06521163383574594
2025-07-02,0.0,0.0,0.0,0.0,0.13005564846442028,0.4550550268716808,0.0,0.0,0.0,0.009562287595234123,0.052864402625798355,0.043564945326967766,0.0,0.23475121635163532,0.07414647276426338
2025-07-03,0.0,0.0,0.0,0.0,0.08973745742006355,0.2179664171671039,0.0,0.1843217434983717,0.0031027110403061666,0.0,0.018254979728423364,0.0,0.0,0.4866166911457313,0.0
2025-07-04,0.0,0.0,0.0,0.0,0.057480438779930955,0.2051805234041892,0.0,0.16115453092100848,0.0642362565178437,0.0009048340089268425,0.01637100547607092,0.0,0.0,0.4946724108920298,0.0
2025-07-05,0.0,0.0,0.0,0.0,0.0545482275760366,0.23449550692332682,0.0,0.20272449684523214,0.0,0.0,0.04402679556930689,0.0,0.0,0.46420497308609754,0.0
2025-07-06,0.0,0.0,0.0,0.0,0.2074685820476637,0.0388549802349826,0.0,0.1759950276800667,0.0,0.0,0.041144983900197635,0.0,0.0,0.47388215035306286,0.06265427578402635
2025-07-07,0.0,0.0,0.0,0.0,0.36186461241698603,0.0,0.0,0.13361144499100389,0.0,0.0,0.0281488936356658,0.0,0.0,0.3826049707319971,0.09377007822434713
2025-07-08,0.0,0.0,0.0,0.0,0.4409175191897065,0.0,0.0,0.15415483675027306,0.0,0.0,0.021337758423090315,0.0,0.0,0.2571038700519401,0.12648601558499004
2025-07-09,0.0,0.0,0.0,0.0,0.4620604283197092,0.0,0.0,0.15593587025000133,0.0,0.0,0.02218691362086936,0.0,0.0,0.2349288978988439,0.12488788991057624
2025-07-10,0.0,0.0,0.0,0.0,0.5129617086366549,0.0,0.0,0.1117758620171951,0.0,0.0,0.006695549119842623,0.0,0.0,0.302498329439171,0.06606855078713642
2025-07-11,0.0,0.0,0.0,0.0,0.4883505945121379,0.0,0.0,0.13268759792870954,0.0,0.0,0.008333125281709278,0.0,0.0,0.28058206480899955,0.09004661746844367
2025-07-12,0.0,0.0,0.0,0.0,0.47701876398386517,0.0,0.0,0.11384734452230948,0.0,0.0,0.013480133566452637,0.0,0.0,0.28507716778800707,0.11057659013936567
2025-07-13,0.0,0.0,0.0,0.0,0.36428526460221944,0.0,0.0,0.08850136051294503,0.0,0.0,0.02605978215992762,0.0,0.0,0.3640285698534321,0.15712502287147576
2025-07-14,0.0,0.0,0.0,0.0,0.36716283705956504,0.0,0.0,0.11935790513743226,0.0,0.0,0.012588875953231908,0.0,0.0,0.37242244864952734,0.12846793320024336
2025-07-15,0.0,0.0,0.0,0.0,0.3460427818059929,0.0,0.0,0.12153930152286421,0.0,0.0,0.009758541668343201,0.0,0.0,0.36035021329274247,0.16230916171005721
2025-07-16,0.0,0.0,0.0,0.0,0.37564318661306967,0.0,0.0,0.12351787526802643,0.0,0.0,0.00835500531141384,0.0,0.0,0.3344713975005659,0.1580125353069242
2025-07-17,0.0,0.0,0.0,0.0,0.3130465470248134,0.0,0.0,0.10540416902305973,0.0,0.0,0.0,0.0,0.0,0.3522231986535395,0.22932608529858736
2025-07-18,0.0,0.0,0.0,0.0,0.3020896512516866,0.0,0.0,0.092224878084311,0.0,0.0,0.003686319101317611,0.0,0.0,0.32608111096645104,0.27591804059623387
2025-07-19,0.0,0.0,0.0,0.0,0.31598153990164574,0.0,0.0,0.08827663673760205,0.0,0.0,0.0,0.0,0.0,0.3306454367913811,0.2650963865693711
2025-07-20,0.0,0.0,0.0,0.0,0.2902282124447117,0.0,0.0,0.08376829776259845,0.0,0.0,0.008811643529028322,0.0,0.0,0.33308187336998646,0.28410997289367507
2025-07-21,0.0,0.0,0.0,0.0,0.29916264643454155,0.0,0.0,0.0956245853465229,0.0,0.0,0.019197071698241756,0.0,0.0,0.3433896906355242,0.2426260058851696
2025-07-22,0.0,0.0,0.0,0.0,0.32186788503342634,0.0,0.0,0.08641759677281402,0.0,0.0,0.011719535751669298,0.0,0.0,0.36465317660289986,0.2153418058391904
2025-07-23,0.0,0.0,0.0,0.0,0.326426407674849,0.0,0.0,0.07949687608586167,0.0,0.0,0.01322691413797758,0.0,0.0,0.32237716140551986,0.2584726406957919
2025-07-24,0.0,0.0,0.0,0.0,0.3185861047468672,0.0,0.0,0.08624850866484024,0.0,0.0,0.010407806920446436,0.0,0.0,0.33759308015704687,0.24716449951079922
2025-07-25,0.0,0.0,0.0,0.0,0.3070761994922544,0.0,0.0,0.08458137959443628,0.0,0.0,0.008653215564329375,0.0,0.0,0.3440131911566407,0.2556760141923393
2025-07-26,0.0,0.0,0.0,0.0,0.3439002650959552,0.0,0.0,0.0766943024487507,0.0,0.0,0.0014832805128075248,0.0,0.0,0.32736239815762747,0.2505597537848592
2025-07-27,0.0,0.0,0.0,0.0,0.3376020357797337,0.0,0.0,0.07945124235050144,0.0,0.0,0.0008409741776160098,0.0,0.0,0.3354056395555945,0.24670010813655446
2025-07-28,0.0,0.0,0.0,0.0,0.34154099519350384,0.0,0.0,0.06958540006219345,0.0,0.0,0.0018344598758665597,0.0,0.0,0.33424230154125806,0.2527968433271781
2025-07-29,0.0,0.0,0.0,0.0,0.28046065190292707,0.0,0.0,0.07462833622048402,0.0,0.0,0.0,0.0,0.0,0.3722033394714033,0.2727076724051855
2025-07-30,0.0,0.0,0.0,0.0,0.2520982128626138,0.0,0.0,0.05522616847819075,0.0,0.0,0.0,0.0,0.0,0.33338470856959773,0.35929091008959774
2025-07-31,0.0241163438491264,0.0,0.0,0.0,0.20402657152865397,0.0,0.0,0.05168386991022442,0.0,0.0,0.0,0.0,0.0,0.32813742461408535,0.39203579009790984
2025-08-01,0.0490327897246082,0.0,0.04127661382088545,0.0,0.14517306758285203,0.0,0.0,0.026076455712944195,0.0,0.0,0.010183284040039554,0.0,0.0,0.2778450707564087,0.450412718362262
2025-08-02,0.09446933593095343,0.0,0.0,0.0,0.12042312112638542,0.0,0.0,0.006206991398332164,0.0,0.0,0.014989551819617709,0.0,0.0,0.28165399600283003,0.4822570037218812
2025-08-03,0.0933345128458137,0.0,0.0,0.0,0.07426696507209295,0.0,0.0,0.0,0.0,0.0,0.029405335960832942,0.0,0.0,0.24723876819305377,0.5557544179282066
2025-08-04,0.09728104949326004,0.0,0.0,0.0,0.07420101777174472,0.010510691861920636,0.0,0.0,0.0,0.0,0.03688777595417701,0.0,0.0,0.21484183284149583,0.5662776320774017
2025-08-05,0.10620590840756228,0.0,0.023286517405680766,0.0,0.0663830538284587,0.02326236707719696,0.0,0.0,0.0,0.0,0.045319685180219685,0.0,0.0,0.1619253710398643,0.5736170970610173
2025-08-06,0.13759472505390952,0.0,0.0,0.0,0.04726586859840962,0.02707273474604678,0.0,0.0,0.0,0.0,0.042716029303337705,0.0,0.0,0.1409484333324425,0.604402208965854
2025-08-07,0.08262236959857146,0.0,0.04923131240045378,0.0,0.038958700595021586,0.039047138732357475,0.0,0.0,0.0,0.0,0.039389381285014916,0.0,0.0,0.09409660284234332,0.6566544945462375
2025-08-08,0.05677861999020435,0.0,0.0,0.08238073610819416,0.062302511753376026,0.040062307996425586,0.0,0.0,0.0,0.0,0.03738016566288247,0.0,0.0,0.11629772025168567,0.6047979382372317
2025-08-09,0.0,0.021307089559077647,0.07992191723531211,0.1671122979608773,0.05712592561701924,0.0,0.0,0.0,0.0,0.0,0.0582418080685756,0.0,0.0,0.0237893324663818,0.5925016290927563
2025-08-10,0.0,0.0,0.04672089580843255,0.21708550806300217,0.09332884700283807,0.0,0.0,0.0,0.0,0.0,0.05167313294781073,0.0,0.0,0.021997092056785388,0.569194524121131
2025-08-11,0.0,0.0,0.07011582554241709,0.2148797703363694,0.08640494444446661,0.0,0.0,0.0,0.0,0.0,0.05541883526245347,0.0,0.0,0.009107685910806206,0.5640729385034872
2025-08-12,0.0,0.04247519403727832,0.05081703103255228,0.14827035476439684,0.07327263743460152,0.0,0.0,0.0,0.0,0.0,0.05407260855724947,0.0,0.0,0.05433144200245837,0.5767607321714632
2025-08-13,0.0,0.049025977189178276,0.0,0.14563911773621085,0.06576603487398847,0.0,0.0,0.0,0.0,0.0,0.04690125147626418,0.0,0.0,0.13008310789744146,0.5625845108269167
2025-08-14,0.0,0.0918586338094521,0.010623169634799595,0.0,0.09845498617707055,0.04031303128148796,0.0,0.0,0.0,0.0,0.02553936686764609,0.0,0.0,0.03347495535389819,0.6997358568756454
2025-08-15,0.0,0.03482407834447504,0.0,0.11065384420501849,0.08798755486083677,0.023890760968601266,0.0,0.0,0.0,0.0,0.014253149628595072,0.0,0.0,0.11784326052462325,0.61054735146785
2025-08-16,0.0,0.03570623882017842,0.0,0.14959615425686,0.06666025369001881,0.0,0.0,0.0,0.0,0.0,0.011402248578086577,0.0,0.0,0.14297038117223473,0.5936647234826216
2025-08-17,0.0,0.10661940322431021,0.0,0.0,0.11848070642687568,0.0,0.0,0.0,0.0,0.0,0.0,0.0,0.0,0.1389447545640988,0.6359551357847153
2025-08-18,0.0,0.09725613653494011,0.0,0.0,0.15747284994314045,0.0,0.0,0.0,0.0,0.0,0.0,0.0,0.0,0.10419165424190857,0.6410793592800108
2025-08-19,0.0,0.11184750970111842,0.0,0.0,0.13887814982114202,0.0,0.0,0.0,0.0,0.0,0.0,0.0,0.0,0.12902806118906174,0.6202462792886778
2025-08-20,0.0,0.0,0.0,0.1999583541809214,0.0,0.16937444397727303,0.0,0.0,0.0,0.0,0.0,0.0,0.0,0.19091014410638432,0.43975705773542123
2025-08-21,0.0,0.03275023925078405,0.0,0.204801948464001,0.0,0.13464050399595517,0.0,0.0,0.0,0.0,0.0,0.0,0.0,0.2047366276988436,0.4230706805904162
2025-08-22,0.0,0.06599809827152663,0.0,0.13531721993949072,0.0,0.13345020760886783,0.0,0.0,0.0,0.0,0.012607000619898745,0.0,0.0,0.12364690847065149,0.5289805650895646
2025-08-23,0.0,0.022109452797592105,0.0,0.12757156474192496,0.0,0.15169417196423282,0.0,0.0,0.0,0.0,0.0035094022147522832,0.0,0.0,0.1624178249583294,0.5326975833231685
2025-08-24,0.0,0.0,0.0,0.10634503548113924,0.0,0.18893262900625796,0.0,0.0,0.0,0.0,0.0,0.0,0.0,0.15053679469061126,0.5541855408219916
2025-08-25,0.0,0.03521729985682815,0.0,0.0995657175684835,0.0,0.19667167890424855,0.0,0.0,0.0,0.0,0.007359284844910191,0.0,0.0,0.09947785584275089,0.5617081629827786
2025-08-26,0.0,0.0,0.0,0.06582307606420175,0.041753908368156026,0.1998368709780058,0.0,0.0,0.0,0.0,0.01852808356037588,0.0,0.0,0.10347108837885462,0.570586972650406
2025-08-27,0.0,0.0,0.0,0.05725907114463288,0.07909874828726317,0.21227775886212852,0.0,0.0,0.0,0.0,0.024243571122882814,0.0,0.0,0.10332783430076892,0.5237930162823237
2025-08-28,0.0,0.0,0.04297347936677508,0.13317006135712556,0.0,0.09647683067021044,0.0,0.0,0.0,0.0,0.020071354196246973,0.0,0.0,0.19414032761844416,0.5131679467911978
2025-08-29,0.0,0.0,0.07208172831394946,0.15971701824384943,0.0,0.09981661824950508,0.0,0.0,0.0,0.0,0.03787868652001681,0.0,0.0,0.12325994728086388,0.5072460013918153
2025-08-30,0.0,0.0,0.05386058158895008,0.13379015893154875,0.0,0.09676372007930135,0.0,0.0,0.0,0.0,0.02380216239126786,0.0,0.0,0.17714918689488734,0.5146341901140447
2025-08-31,0.0,0.0,0.030263760418841913,0.12225754351698935,0.0,0.11401722677532541,0.0,0.0,0.0,0.0,0.021265076244134477,0.0,0.0,0.2287630319527388,0.48343336109197005
2025-09-01,0.0,0.0,0.040983225798589464,0.10122766464387044,0.0,0.11973272173932548,0.0,0.0,0.0,0.0,0.02194777963130302,0.0,0.0,0.23959644697235488,0.47651216121455675
2025-09-02,0.0,0.0,0.03415464492828938,0.10024200223183485,0.0,0.09972182467997344,0.0,0.0,0.0,0.0,0.0,0.0,0.0,0.20248016594790402,0.5634013622119982
2025-09-03,0.0,0.0,0.0,0.0936551777583944,0.0,0.08371288444660945,0.0,0.0,0.0,0.0,0.001267510964234701,0.0,0.0,0.20849855761727906,0.6128658692134824
2025-09-04,0.0,0.0,0.0,0.1413786061101516,0.0,0.05474771302631934,0.0,0.0,0.0,0.0,0.0,0.0,0.0,0.20072420648369324,0.6031494743798359
2025-09-05,0.0,0.0,0.012071638973953108,0.12706691937816464,0.0,0.05740722955955466,0.0,0.0,0.0,0.0,0.0,0.0,0.0,0.19134454900833112,0.6121096630799965
2025-09-06,0.0,0.0,0.0038011177153031697,0.12711315283950522,0.0,0.06497630302111486,0.0,0.0,0.0,0.0,0.0,0.0,0.0,0.1967126477928107,0.6073967786312661
2025-09-07,0.0,0.0,0.0,0.06655452123114375,0.0,0.0878693061855106,0.0,0.0,0.0,0.0,0.006236007768087484,0.0,0.0,0.23446656128148405,0.6048736035337742
2025-09-08,0.0,0.0,0.0,0.06989667952840298,0.0,0.08849562089405162,0.0,0.0,0.0,0.0,0.0024968202401163494,0.0,0.0,0.2693267698806331,0.5697841094567959
2025-09-09,0.0,0.0,0.0,0.045003835548716835,0.0,0.10448561935324815,0.0,0.0,0.0,0.0,0.0021280047214680665,0.0,0.0,0.29406825080102017,0.5543142895755468
2025-09-10,0.0,0.0,0.0,0.04925246075720931,0.0,0.07714623214288517,0.0,0.0,0.0,0.0,0.008453929877054366,0.0,0.0,0.23667360695829598,0.6284737702645552
2025-09-11,0.0,0.0,0.0,0.0635128804173558,0.00502931383935689,0.05735875732780081,0.0,0.0,0.0,0.0,0.010662454445089176,0.0,0.0,0.2579943296126581,0.6054422643577393
2025-09-12,0.0,0.0,0.0,0.033066599318797914,0.020877700913145714,0.06654137386089105,0.0,0.0,0.0,0.0,0.010805116626794882,0.0,0.0,0.25037988522212845,0.618329324058242
2025-09-13,0.0,0.0,0.0,0.07682243926107402,0.04271246181413492,0.0344368602601685,0.0,0.0,0.0,0.0,0.006265137365674498,0.0,0.0,0.24765482037035363,0.5921082809285944
2025-09-14,0.0,0.0,0.0,0.06750841262759132,0.05678560698250186,0.036811952875630854,0.0,0.0,0.0,0.0,0.0042595684617852195,0.0,0.0,0.24240731253341846,0.5922271465190723
2025-09-15,0.0,0.0,0.0,0.14310357291021442,0.07916294991646104,0.017868072592539495,0.0,0.0,0.0,0.0,0.005221179160605506,0.0,0.0,0.22513990663827255,0.5295043187819071
2025-09-16,0.0,0.0,0.020240657725256572,0.14051422884676193,0.07541654350120913,0.0036411238494609005,0.0,0.0,0.0,0.0,0.0,0.0,0.0,0.23958639447368818,0.5206010516036232
2025-09-17,0.0,0.0,0.06680009731131098,0.13910354737993358,0.0686083580146761,0.0,0.0,0.0,0.0,0.0,0.00970913052033528,0.0,0.0,0.19008683022683956,0.5256920365469046
2025-09-18,0.0,0.0,0.10970653671122543,0.06504044920915322,0.1044611367262157,0.0,0.0,0.0,0.0,0.0,0.016058326194794,0.0,0.0,0.2113683544692944,0.4933651966893172
2025-09-19,0.0,0.0,0.1120486631134014,0.0,0.17796662430392624,0.0,0.0,0.0,0.0,0.0,0.012619562235973584,0.0,0.0,0.20535910085133566,0.4920060494953631
2025-09-20,0.0,0.0,0.06163490751385671,0.0,0.15350328465363633,0.0,0.0,0.0,0.0,0.0,0.0131307809476288,0.0,0.0,0.1945348577775347,0.5771961691073435
2025-09-21,0.0,0.0,0.07144253735301237,0.0,0.1452231684286779,0.0,0.0,0.0,0.0,0.0,0.009395212259320659,0.0,0.0,0.18606948406216506,0.587869597896824
2025-09-22,0.0,0.0,0.006644709764548377,0.0,0.0509767397487482,0.04381596356330936,0.0,0.0,0.0,0.0,0.03618217347900029,0.0,0.0,0.2153506126146012,0.6470298008297926
2025-09-23,0.0,0.0,0.04525213689015183,0.0004984888169549105,0.0,0.012622334220090823,0.0,0.0,0.0,0.0,0.03174788473993323,0.0,0.0,0.23802462859667947,0.6718545267361897
2025-09-24,0.0,0.0,0.0,0.03069234677300209,0.0,0.005829142316310954,0.0,0.0,0.0,0.0,0.044112648522687085,0.0,0.0,0.2505563349515257,0.6688095274364741
2025-09-25,0.0,0.0,0.0,0.032146939637203234,0.0,0.0,0.0,0.0,0.0,0.0,0.042655972737359715,0.0010649369842270335,0.0,0.17974234998078134,0.7443898006604287
2025-09-26,0.0,0.0,0.0,0.04576710958286941,0.0,0.0,0.0,0.0,0.0,0.015654924344321447,0.011888830489377993,0.0,0.0,0.12120900246988602,0.8054801331135452
2025-09-27,0.0,0.0,0.0,0.07938659475671302,0.03590693027324867,0.0,0.0,0.0,0.0,0.02384690449121008,0.014591689582111843,0.026481567453196037,0.0,0.0,0.8197863134435204
2025-09-28,0.0,0.0,0.0,0.0,0.11640111642547987,0.0,0.0,0.0,0.0,0.02724922962858653,0.011378827813258944,0.02541575082674205,0.0,0.0,0.8195550753059326
2025-09-29,0.0,0.0,0.0,0.015767510706692637,0.10574924938081974,0.0,0.0,0.0,0.0,0.03426918152745433,0.014035885428580393,0.028861943791426675,0.0,0.0,0.8013162291650262
2025-09-30,0.0,0.0,0.0,0.0,0.11107120137053,0.0,0.0,0.0,0.0,0.028815147636278463,0.022868807065274246,0.024947679053477466,0.0,0.0,0.8122971648744399
