,XGBoost,LightGBM,ExtraTrees,CatBoost,KNN,SVR,ElasticNet,BayesianRidge,LSTM,Prophet,NeuralProphet,SARIMAX,AR_Eco,TFT,N-HiTS
2024-12-01,0.12673053892215572,0.0,0.0,0.05357285429141722,0.19560079840319367,0.0,0.0,0.0,1.596806387225553e-05,0.09595209580838338,0.0,2.395209580838325e-05,0.0,0.5281037924151695,0.0
2024-12-02,0.04500598802395211,0.0,0.0,0.16426347305389236,0.2130858283433134,0.0,0.0,0.0,1.596806387225553e-05,0.0,0.0,2.395209580838325e-05,0.0,0.5762954091816366,0.0013093812375249514
2024-12-03,0.00018363273453093825,0.1087744510978044,0.0,0.08593213572854298,0.14951696606786427,0.0,0.0,0.0,1.596806387225553e-05,0.0,0.015896207584830353,0.00010379241516966087,0.0,0.5063473053892213,0.13322954091816372
2024-12-04,0.11280638722554891,0.0,0.0,0.0,0.25561676646706605,0.0,0.0,0.0,1.596806387225553e-05,0.0241756487025948,0.0,0.01370858283433134,0.0,0.42301796407185627,0.17065868263473044
2024-12-05,0.07811576846307383,0.06744111776447116,0.0,0.0,0.22804790419161694,0.0,0.0,0.0,1.596806387225553e-05,0.01378842315369262,0.0,0.03430738522954094,0.0,0.4259321357285427,0.15235129740518955
2024-12-06,0.1266746506986028,0.03406786427145711,0.0,0.0,0.19664670658682634,0.0,0.0,0.0,1.596806387225553e-05,0.0,0.0,0.05316566866267469,0.0,0.38601996007984013,0.20340918163672655
2024-12-07,0.1478562874251498,3.193612774451106e-05,0.0,0.0,0.1785149700598805,0.0,0.0,0.0,0.0,0.0,0.0,0.10132534930139717,0.0,0.39865868263473064,0.17361277445109785
2024-12-08,0.14564471057884223,0.0,0.0,0.0,0.16972455089820365,0.0,0.0,0.0,3.992015968063883e-05,0.0,0.0,0.09148103792415165,0.0,0.44147704590818354,0.15163273453093837
2024-12-09,0.09724550898203595,0.06277844311377241,0.0,0.0037524950099800396,0.15234331337325357,0.0,0.0,0.0,0.0,0.0,0.0,0.12915768463073854,0.0,0.5380199600798401,0.016702594810379234
2024-12-10,0.15846706586826362,0.0,0.0,0.018387225548902205,0.11928143712574855,0.028295409181636734,0.0,0.0,0.0,0.0,0.0,0.0765349301397206,0.0,0.599033932135728,0.0
2024-12-11,3.193612774451106e-05,0.03173652694610779,0.0,0.0,0.18211576846307384,0.0,0.0,0.0,0.06204391217564874,0.0,0.0,0.07083433133732536,0.0,0.6532375249501001,0.0
2024-12-12,0.0,0.015273453093812383,0.0,0.0,0.11565668662674654,0.012303393213572862,0.0,0.0,0.10583632734530943,0.02692215568862276,0.0,9.5808383233533e-05,0.0,0.7023313373253488,0.021580838323353287
2024-12-13,0.0,0.033141716566866285,0.0,0.0,0.16481437125748508,3.193612774451106e-05,0.0,0.0,0.06261876247504997,0.025636726546906186,0.0,2.395209580838325e-05,0.0,0.7137325349301394,0.0
2024-12-14,0.0,0.01195209580838323,0.0,0.0,0.1981956087824351,0.06565269461077848,0.0,0.0,7.984031936127767e-05,0.03608782435129741,0.0,2.395209580838325e-05,0.0,0.6880079840319362,0.0
2024-12-15,0.0,0.0,0.0,0.0,0.15380439121756492,0.1107864271457086,0.0,0.0,0.0,0.05648702594810383,0.0,2.395209580838325e-05,0.0,0.6788982035928139,0.0
2024-12-16,0.0,0.011696606786427149,0.0,3.193612774451106e-05,0.15279840319361276,0.036934131736526946,0.0,0.0,0.055608782435129775,0.07083433133732531,0.0,2.395209580838325e-05,0.0,0.6719361277445113,0.00013572854291417182
2024-12-17,0.0,0.0,0.0,0.0,0.14349700598802392,0.04575648702594813,0.0,0.0,0.06609980039920157,0.10300199600798404,0.0,2.395209580838325e-05,0.0,0.641620758483034,0.0
2024-12-18,0.0,0.018610778443113766,0.0,3.193612774451106e-05,0.045397205588822404,0.21920159680638734,0.0,0.0,0.0,0.05051497005988025,0.0,2.395209580838325e-05,0.0,0.6221956087824345,0.044023952095808394
2024-12-19,0.0,0.0,0.011504990019960082,0.0291177644710579,0.0,0.19297405189620753,0.0,0.0,1.596806387225553e-05,0.0,0.0,2.395209580838325e-05,0.0,0.7577245508982035,0.008638722554890215
2024-12-20,0.0,0.0,0.032375249500998037,3.992015968063883e-05,0.0,0.17977644710578844,0.0,0.0,1.596806387225553e-05,0.04494211576846308,0.0,2.395209580838325e-05,0.0,0.7276087824351302,0.015217564870259489
2024-12-21,0.0,0.0,0.0011976047904191632,0.0,0.0,0.1835449101796407,0.0,0.0,1.596806387225553e-05,0.06464670658682634,0.0,0.0,0.0,0.7078083832335333,0.04278642714570861
2024-12-22,0.0,0.0,0.0,0.0,0.0,0.15583233532934151,0.0,0.0,1.596806387225553e-05,0.05556087824351296,0.0,0.0,0.0,0.7309141716566859,0.05767664670658687
2024-12-23,0.0,0.0,0.0,0.0,0.0,0.19462674650698616,0.0,0.0,1.596806387225553e-05,0.004367265469061877,0.0,0.0,0.0,0.7253493013972052,0.07564071856287431
2024-12-24,0.0,0.0,0.0,0.0,0.0,0.1895648702594811,0.0,0.0,1.596806387225553e-05,0.0,0.0,0.0,0.0,0.7193053892215567,0.09111377245508982
2024-12-25,0.0,0.10014371257485027,0.0,0.08570059880239526,0.0,0.08092614770459088,0.0,0.0,0.0,0.0,0.0,0.0,0.0,0.2953612774451102,0.43786826347305374
2024-12-26,0.0,0.23062674650698609,0.0,0.0,0.0,0.03945708582834329,0.0,0.0,0.0,0.0,0.0,0.0,0.0,0.3235289421157684,0.4063872255489026
2024-12-27,0.0,0.2396327345309383,0.0,0.0,0.0,0.026187624750499017,0.0,0.0,0.0,0.0,0.0,0.0,0.0,0.30382435129740526,0.43035528942115775
2024-12-28,0.0,0.1794650698602794,0.0,0.0,0.0,0.09359680638722556,0.0,0.0,0.0,0.0,0.0,0.0,0.0,0.23761277445109788,0.48932534930139737
2024-12-29,0.0,0.18531736526946113,0.0,0.0,0.0,0.0787864271457086,0.0,0.0,0.0,0.0,0.0,0.0,0.0,0.2439680638722557,0.49192814371257493
2024-12-30,0.0,0.19926546906187634,0.0,0.0,0.0,0.07996806387225547,0.0,0.0,0.0,0.0,0.0,0.0,0.0,0.25128143712574835,0.4694850299401198
2024-12-31,0.0,0.21383632734530927,0.0,0.0,0.0,0.07870658682634728,0.0,0.0,0.0,0.0,0.0,0.0,0.0,0.19685429141716584,0.5106027944111777
2025-01-01,0.0,0.03726946107784431,0.0,0.0,0.0,5.5888223552894286e-05,0.10399201596806389,0.1159680638722555,0.0,0.0,0.0,0.0,0.0,0.46566067864271465,0.277053892215569
2025-01-02,0.0,0.004135728542914176,0.0,0.0,0.0,0.00015169660678642747,0.0,0.3111696606786429,0.0,0.0,0.0,0.0,0.0,0.23048303393213584,0.45405988023952065
2025-01-03,0.0,0.08304191616766474,0.0,0.08388023952095804,0.0,0.00016766467065868287,0.0,0.175121756487026,0.0,0.0,0.0,0.0,0.0,0.18374451097804406,0.47404391217564884
2025-01-04,0.0,0.0,0.0,0.32475049900199604,0.0,0.0,0.0,0.0,1.596806387225553e-05,0.0,0.0,0.0,0.0,0.29725349301397225,0.37798003992016
2025-01-05,0.0,0.0,0.0,0.10902195608782435,0.0,0.0,0.16368063872255503,0.0,1.596806387225553e-05,0.0,0.0,0.00018363273453093825,0.0,0.3475209580838323,0.3795768463073853
2025-01-06,0.0,0.0,0.0,0.11287025948103797,0.0,1.596806387225553e-05,0.13309381237524961,0.0,0.0,0.0,0.0,0.0,0.0,0.35415568862275454,0.39986427145708603
2025-01-07,0.0,0.0,0.0,0.17181636726546914,0.0,1.596806387225553e-05,0.08932534930139725,0.0,0.0,0.0,0.0,0.002331337325349302,0.0,0.27765269461077835,0.4588582834331341
2025-01-08,0.0,0.0,0.0,0.13346906187624757,0.0,1.596806387225553e-05,0.0,0.07963273453093812,0.0,5.5888223552894286e-05,0.0,0.05187225548902197,0.0,0.39449900199600796,0.34045508982035944
2025-01-09,0.0,0.0,0.0,0.11372455089820364,0.0,1.596806387225553e-05,0.0,0.07536926147704595,0.0,0.0,0.0,0.050139720558882245,0.0,0.4623952095808383,0.2983552894211578
2025-01-10,0.0,0.0,0.0,0.031672654690618765,0.0,1.596806387225553e-05,0.0,0.15710179640718563,0.0,0.0,0.0,0.019105788423153698,0.018139720558882237,0.4620279441117764,0.3119361277445114
2025-01-11,0.0,0.0,0.0,0.0,0.0,1.596806387225553e-05,0.0,0.14553293413173646,0.0,0.0,0.0,0.0,0.12189221556886233,0.35328542914171696,0.37927345309381244
2025-01-12,0.0,0.0,0.0,0.041485029940119766,0.0,0.00016766467065868287,0.0,0.28673852295409175,0.0,0.0,0.0,0.0,7.984031936127767e-05,0.35560878243512956,0.31592015968063886
2025-01-13,0.0,0.0,0.0,6.387225548902212e-05,0.0,0.025988023952095814,0.0,0.25143313373253523,0.0,0.0,0.0,0.0,0.00012774451097804425,0.40083832335329334,0.32154890219560894
2025-01-14,0.0,0.0,0.0,0.003065868263473053,0.0,1.596806387225553e-05,0.0,0.2093652694610779,0.0,0.0,0.0,0.0,0.07705389221556894,0.41973652694610813,0.2907624750499004
2025-01-15,0.0,0.0,0.0,0.007105788423153697,0.0,0.04675449101796412,0.03853892215568863,0.19279041916167683,0.0,0.0,0.0,0.0,0.0006946107784431139,0.3480399201596807,0.3660758483033934
2025-01-16,0.002594810379241517,0.0,0.0,0.0,0.0,5.5888223552894286e-05,0.15352495009980052,0.0,0.0,0.0,2.395209580838325e-05,0.0,0.14884630738522966,0.3827784431137726,0.3121756487025949
2025-01-17,0.0,0.0,0.0,0.055552894211576845,0.0,5.5888223552894286e-05,0.29235129740518967,0.0,0.0,0.0,2.395209580838325e-05,0.0,0.0,0.41248702594810355,0.23952894211576856
2025-01-18,0.0,0.0,0.0,0.014930139720558882,0.0,1.596806387225553e-05,0.323640718562874,0.0,0.0,0.0,0.0,0.00010379241516966087,0.0,0.4387944111776449,0.22251497005988036
2025-01-19,0.0,0.0,0.0,0.002954091816367266,0.0,0.00010379241516966087,0.34676247504990027,0.0,0.0,0.0,0.0,0.0,0.0,0.41944111776447135,0.23073852295409186
2025-01-20,0.0,0.0,0.0,0.013005988023952097,0.0,0.00010379241516966087,0.33876247504990026,0.0,0.0,0.0,0.0,0.0,0.0,0.4182594810379242,0.2298682634730539
2025-01-21,0.0,0.0,0.0,0.03195209580838325,0.0,1.596806387225553e-05,0.33672654690618764,0.0,0.0,0.0,0.0,0.00010379241516966087,0.0,0.3692295409181636,0.26197205588822375
2025-01-22,0.12091017964071869,0.0,0.0,0.0,0.0,1.596806387225553e-05,0.20454291417165682,0.0,0.0,0.0,0.0,0.0,0.0,0.4099081836327345,0.2646227544910183
2025-01-23,0.08647504990019966,0.0,0.0,0.04122155688622755,0.0,0.00420758483033932,0.19370858283433148,0.0,0.0,0.0,7.984031936127767e-05,0.0,0.0,0.3851497005988023,0.28915768463073876
2025-01-24,0.15256686626746518,0.0,0.0,0.0,0.0,1.596806387225553e-05,0.1333013972055888,0.0,0.0,0.0,0.0732934131736527,0.034027944111776454,0.0,0.2832814371257487,0.32351297405189633
2025-01-25,0.1805349301397206,0.0,0.0,0.0,0.0,0.0,0.0,0.0,0.0,0.0,0.2753293413173653,0.1532614770459082,0.0,0.16356087824351298,0.2273133732534932
2025-01-26,0.12716966067864277,0.0,0.0,0.0,0.0,0.0,0.0,0.0,0.0,0.0,0.22705788423153697,0.1477445109780441,0.0,0.25048303393213583,0.2475449101796407
2025-01-27,0.11152894211576854,0.0,0.0,0.0,0.0,0.0,0.0,0.0,0.0,0.0,0.1696287425149701,0.13727744510978043,0.0,0.35017165668662653,0.23139321357285436
2025-01-28,0.08616367265469069,0.0,0.0,0.0,0.0,1.596806387225553e-05,0.0,0.0,0.0,0.0,0.20486227544910188,0.14633133732534923,0.0,0.38449500998003977,0.1781317365269461
2025-01-29,0.043001996007984,0.0,0.0,0.0,0.0,0.0,0.0,0.0,0.0,0.0,0.17841916167664681,0.167305389221557,0.0,0.3918163672654692,0.21945708582834345
2025-01-30,0.015385229540918172,0.0,0.0,0.0,0.0,0.0,0.0,0.0,0.0,0.0,0.2572854291417166,0.1715688622754492,0.0,0.44489421157684644,0.11086626746506999
2025-01-31,0.015273453093812376,0.0,0.0,0.0,0.0,1.596806387225553e-05,0.0,0.0,0.0,0.0,0.2809580838323352,0.20219560878243517,0.0,0.3136766467065867,0.18788023952095792
2025-02-01,0.06919760479041923,0.0,0.0,0.0,0.0,0.0,0.0,0.0,0.0,1.596806387225553e-05,0.0569500998003992,0.14264271457085842,0.0,0.38601996007984046,0.3451736526946111
2025-02-02,0.09263073852295405,0.0,0.0,0.0,0.0,0.0,0.0,0.0,0.0,1.596806387225553e-05,0.057788423153692606,0.13796407185628748,0.0,0.3579321357285429,0.353668662674651
2025-02-03,0.040758483033932126,0.0,0.0490538922155689,0.0,0.0,0.0,0.0,0.0,0.0,1.596806387225553e-05,0.07915369261477051,0.11167265469061877,0.08613173652694613,0.2860119760479039,0.3472015968063873
2025-02-04,0.025652694610778452,0.0,0.018403193612774454,0.0,0.0,0.0,0.0,0.0,0.0,1.596806387225553e-05,0.04466267465069862,0.061516966067864234,0.16338522954091825,0.30361676646706576,0.382746506986028
2025-02-05,0.14720958083832336,0.0,0.0,0.0,0.0,6.387225548902212e-05,0.0,0.0,0.0,0.00016766467065868287,0.034019960079840324,0.1682155688622755,0.05651097804391219,0.21062674650698607,0.38318562874251505
2025-02-06,0.13798802395209586,0.0,0.0,0.0,0.0,0.040367265469061935,0.0,0.0,1.596806387225553e-05,7.185628742514981e-05,0.0006147704590818376,0.3241916167664671,0.0,0.1784990019960082,0.31825149700598776
2025-02-07,0.16990019960079858,0.0,0.0,0.0,0.0,0.04068662674650703,0.0,0.0,1.596806387225553e-05,0.001333333333333333,6.387225548902212e-05,0.3219640718562875,0.0,0.27542514970059917,0.1906107784431138
2025-02-08,0.07885828343313372,0.0,0.0,0.0,0.0,0.12922954091816377,0.0,0.0,1.596806387225553e-05,9.5808383233533e-05,0.07970459081836329,0.28214770459081856,0.0,0.24326546906187635,0.18668263473053903
2025-02-09,0.008015968063872253,0.0,0.0,0.0,0.0,0.1731417165668664,0.0,0.0,0.0,0.00025548902195608833,0.016558882235528944,0.3037365269461078,0.0,0.23831536926147737,0.2599760479041922
2025-02-10,0.02863872255489023,0.0,0.0,0.0,0.0,0.14975648702594807,0.0,0.0,0.0,0.0,0.03308582834331341,0.2614770459081835,0.0,0.2871856287425151,0.23985628742514986
2025-02-11,0.03217564870259483,0.0,0.0,0.0,0.0,0.14297005988023956,0.0,0.0,0.0,0.0,0.040542914171656716,0.2509700598802397,0.0,0.3039840319361275,0.2293572854291418
2025-02-12,0.09032335329341315,0.0,0.0,0.0,0.0,0.047760479041916215,0.0,0.0,0.0,0.0,0.08878243512974057,0.24194011976047927,0.0,0.38498203592814356,0.14621157684630728
2025-02-13,0.10974850299401204,0.0,0.0,0.0,0.0,0.03701397205588821,0.0,0.0,0.0,0.0,0.08511776447105793,0.20613173652694627,0.0,0.3637445109780435,0.19824351297405196
2025-02-14,0.071497005988024,0.0,0.08595608782435137,0.0,0.002123752495009982,1.596806387225553e-05,0.0,0.0,0.0,3.992015968063883e-05,0.0261556886227545,0.14910179640718568,0.04776047904191621,0.617349301397205,0.0
2025-02-15,0.001469061876247506,0.0,0.2065469061876248,0.0,0.0,0.00012774451097804425,0.0,0.03643912175648706,0.0,0.0,4.79041916167665e-05,2.395209580838325e-05,0.0,0.6532614770459083,0.10208383233532935
2025-02-16,0.0,0.0,0.29093013972055937,0.08159680638722565,0.0,7.984031936127767e-05,0.0,0.0,1.596806387225553e-05,0.0,0.1337884231536927,0.0,0.0,0.49358882235528956,0.0
2025-02-17,0.0,0.0,0.39833932135728534,0.0,0.0,7.984031936127767e-05,0.0,0.0,1.596806387225553e-05,0.0,0.12324950099800398,0.0,0.0,0.4783153692614771,0.0
2025-02-18,0.0,0.0,0.3829061876247506,0.025964071856287428,0.0,7.984031936127767e-05,0.0,0.0,1.596806387225553e-05,0.0,0.12036726546906196,0.0,0.0,0.4706666666666669,0.0
2025-02-19,0.0,0.03684630738522955,0.43089820359281433,7.185628742514981e-05,1.596806387225553e-05,8.782435129740529e-05,0.0,0.0,0.0,0.0,0.1610778443113773,0.055992015968063864,0.0,0.3150099800399204,0.0
2025-02-20,0.0,0.0,0.16834331337325376,0.0,0.16716966067864275,0.0,0.0,0.0,0.0,0.07593612774451106,0.39345309381237537,0.0,0.0,0.13758882235528955,0.05750898203592816
2025-02-21,0.0,0.0,0.0,0.0,0.1730698602794412,0.023329341317365266,0.0,0.0,0.0,0.06697804391217563,0.389924151696607,0.0,0.0,0.0,0.346698602794411
2025-02-22,0.0,0.0,0.0,0.0,0.09059481037924155,0.024407185628742507,0.0,0.0,0.0,0.1800558882235529,0.5307225548902202,0.0,0.0,0.021692614770459088,0.1525269461077845
2025-02-23,0.0,0.0,0.0,0.0,0.02889421157684632,0.013948103792415166,0.0,0.0,0.0,0.217421157684631,0.4087105788423152,0.0,0.0,0.054938123752495,0.27608782435129725
2025-02-24,0.0,0.0,0.0,0.0,0.0,2.395209580838325e-05,0.0,0.0,0.0,0.2367345309381238,0.23997604790419166,0.0,0.0,0.1129820359281437,0.41028343313373283
2025-02-25,0.0,0.0,0.0,0.0,0.0023712574850299397,2.395209580838325e-05,0.0,0.0,0.0,0.23069061876247515,0.22260279441117786,0.0,0.0,0.10728942115768464,0.43702195608782457
2025-02-26,0.0,0.0,0.0,0.0,0.0,2.395209580838325e-05,0.0,0.0,0.0,0.32910179640718584,0.2864990019960081,0.0,0.0,0.21298203592814388,0.17139321357285422
2025-02-27,0.00891017964071857,0.0,0.0,0.0,0.0,2.395209580838325e-05,0.0,0.0,0.0,0.30851097804391214,0.2882155688622753,0.0,0.0,0.26785628742514983,0.1264830339321358
2025-02-28,0.02719361277445109,0.0,0.0,0.0,0.0,2.395209580838325e-05,0.0,0.0,0.0,0.24846307385229546,0.21732534930139716,0.04558083832335334,0.0,0.360662674650699,0.10075049900199602
2025-03-01,0.0754411177644711,0.0,0.0,0.0,1.596806387225553e-05,0.0,0.0,0.0,0.0,0.21275049900199597,0.16015968063872255,0.06198003992015971,0.0,0.3433692614770458,0.14628343313373268
2025-03-02,0.08612375249501002,0.0,0.0,0.0,1.596806387225553e-05,0.0,0.0,0.0,0.0,0.19067465069860273,0.03528942115768464,0.0,0.0,0.37832335329341293,0.3095728542914169
2025-03-03,0.0,0.0,0.047025948103792424,0.01877844311377246,1.596806387225553e-05,0.00011976047904191638,0.0,0.0,0.0,0.2149700598802394,0.16071057884231552,0.0,0.0,0.33150499001995987,0.22687425149700627
2025-03-04,0.0,0.0,0.04142115768463071,0.0,0.0,0.0,0.0,0.0,0.0,0.21892215568862292,0.10465469061876247,0.0,0.0,0.29815568862275477,0.3368463073852294
2025-03-05,0.0,0.0,0.02388822355289422,0.0,0.013125748502994016,0.0,0.0,0.0,0.0,0.17809181636726568,0.0910578842315369,0.0,0.0,0.17919361277445126,0.5146427145708589
2025-03-06,0.0,0.0,0.0,0.0,0.0,0.0,0.0,0.0,0.0,0.20467864271457087,0.050187624750498996,0.0,0.0,0.1711776447105789,0.5739560878243517
2025-03-07,0.0,0.0,0.0,0.0,0.0,0.0,0.0,0.0,0.0,0.2195289421157685,2.395209580838325e-05,0.0,0.0,0.15064271457085832,0.6298043912175654
2025-03-08,0.0,0.0,0.0,0.0,0.0,0.0,0.0,0.0,0.0,0.20556487025948111,0.0,0.0,0.0,0.18388023952095808,0.6105548902195607
2025-03-09,0.0,0.0,0.0,0.0,0.0,0.0,0.0,0.0,0.0,0.23482634730538918,0.0,0.0,0.0,0.20141317365269473,0.5637604790419162
2025-03-10,0.0,0.0,0.0,0.0,0.0,0.0,0.0,0.0,0.0,0.23120159680638738,0.0,0.0,0.0,0.3026666666666668,0.4661317365269464
2025-03-11,0.0,0.0,0.0,0.0,0.0,0.0,0.0,0.0,0.0,0.2692375249500997,0.0,0.0,0.0,0.3177804391217568,0.4129820359281441
2025-03-12,0.0,0.0,0.0,0.0,0.0,0.0,0.0,0.0,0.0,0.23445908183632738,0.0,0.0,0.0,0.3684950099800399,0.39704590818363245
2025-03-13,0.0,0.0,0.0,0.0,0.0,0.0,0.0,0.0,0.0,0.22340119760479052,0.0,0.03870658682634732,0.0,0.3523353293413176,0.3855568862275451
2025-03-14,0.0,0.0,0.0,0.0,0.026483033932135747,0.0,0.0,0.0,0.0,0.24809580838323358,0.0,0.0,0.0,0.3737005988023951,0.35172055888223597
2025-03-15,0.0,0.05001996007984031,0.0,0.0,3.992015968063883e-05,0.0,0.0,0.0,0.0,0.35788423153692617,0.0,0.0,0.0,0.4019560878243514,0.1900998003992017
2025-03-16,0.0,0.06409580838323356,0.03458682634730543,0.0,0.0,0.0,0.0,0.0,0.0,0.3683273453093816,0.0,0.0,0.0,0.33528143712574865,0.19770858283433143
2025-03-17,0.0,0.06423952095808387,0.00019161676646706576,0.0,0.0,0.0,0.0,0.056734530938123744,0.0,0.3623792415169662,0.0,0.0,0.0,0.2694850299401199,0.24697005988023965
2025-03-18,0.0,0.10591616766467059,3.193612774451106e-05,0.0,0.0,0.0,0.0,0.0321916167664671,0.0,0.3540758483033933,0.0,0.0028023952095808384,0.0,0.2554011976047905,0.24958083832335326
2025-03-19,0.0,0.0,0.0,0.0,0.0,3.992015968063883e-05,0.0,0.11847504990019962,0.0,0.40564471057884277,0.010203592814371257,0.006746506986027947,0.0,0.29961676646706575,0.1592734530938125
2025-03-20,0.0,0.06423153692614765,0.0,0.0,0.0,0.0,0.0,0.0,0.0,0.4512734530938125,0.054938123752495044,0.0,0.0,0.32791217564870245,0.10164471057884225
2025-03-21,0.0,0.0655888223552895,0.0,0.0,0.0,0.0,0.0,0.0,0.0,0.4813253493013968,0.03088223552894212,0.0,0.0,0.30974051896207594,0.11246307385229547
2025-03-22,0.0,0.04031137724550901,0.0,0.0,0.0,0.0,0.0,0.0,0.0,0.4205988023952095,0.09473852295409183,0.012550898203592821,0.0,0.24609181636726551,0.1857085828343316
2025-03-23,0.0,0.0,0.0,0.0,0.0,0.0,0.0,0.0,0.0,0.4048303393213569,0.13182435129740525,0.12709780439121768,0.0,0.29239121756487024,0.043856287425149736
2025-03-24,0.0,0.0,0.0,0.0,0.0,0.0,0.0,0.0,0.0,0.4547145708582831,0.0,0.19044311377245524,0.0,0.3036966067864272,0.0511457085828343
2025-03-25,0.0,0.0,0.0,0.0,0.0,0.0,0.0,0.0,0.0,0.509309381237525,0.0,0.149245508982036,0.0,0.3414451097804391,0.0
2025-03-26,0.0,0.0,0.0,0.0,0.0,0.0,0.0,0.0,0.0,0.5285828343313367,0.0,0.044766467065868246,0.0,0.2889900199600797,0.13766067864271472
2025-03-27,0.0,0.0,0.0,0.0,0.0,0.0,0.0,0.0,0.0,0.499153692614771,0.0,0.2609660678642717,0.0,0.18716966067864274,0.0527105788423154
2025-03-28,0.0,0.0,0.0,0.0,0.0,0.0,0.0,0.0,0.0,0.4951616766467066,0.0,0.17767664670658695,0.0,0.2974051896207585,0.029756487025948096
2025-03-29,0.0,0.0,0.0,0.0,0.0,0.0,0.0,0.0,0.0,0.42413572854291426,0.0,0.11997604790419178,0.0,0.4558882235528945,0.0
2025-03-30,0.0,0.0,0.0,0.0,0.0,0.0,0.0,0.0,0.0,0.40615568862275436,0.0,0.09768463073852303,0.0,0.49615968063872273,0.0
2025-03-31,0.0,0.0,0.0,0.0,0.0,0.0,0.0,0.0,0.0,0.4170299401197604,0.0,0.0841277445109781,0.0,0.49884231536926166,0.0
2025-04-01,0.0,0.0,0.0,0.0,0.0,0.0,0.0,0.0,0.0,0.3754491017964074,0.012255489021956088,0.213620758483034,0.0,0.35302994011976047,0.04564471057884231
2025-04-02,0.0,0.0,0.0,0.0,0.0,0.0,0.0,0.0,0.0,0.3776766467065867,0.0,0.230299401197605,0.0,0.3920239520958087,0.0
2025-04-03,0.0,0.0,0.0,0.0,0.0,0.0,0.0,0.0,0.0,0.39741317365269463,0.0,0.10628343313373259,0.0,0.4387065868263475,0.057596806387225585
2025-04-04,0.0,0.0,0.0,0.0,0.0,0.0,0.0,0.0,0.0,0.36697005988023984,0.0,0.24861477045908204,0.0,0.3574690618762473,0.026946107784431145
2025-04-05,0.0,0.0,0.0,0.0,0.0,0.0,0.0,0.0,0.0,0.4086626746506984,0.0,0.2707225548902194,0.0,0.24871856287425176,0.07189620758483034
2025-04-06,0.0,0.0,0.0,0.0,0.0,0.0,0.0,0.0,0.0,0.4076966067864275,0.0,0.28925349301397185,0.0,0.22211576846307393,0.08093413173652697
2025-04-07,0.0,0.0,0.0,0.0,0.0,0.0,0.0,0.0,0.0,0.3905309381237526,0.0,0.29599201596806396,0.0,0.20368862275449115,0.10978842315369262
2025-04-08,0.0,0.0,0.0,0.0,0.0,0.0,0.0,0.0,0.0,0.42828742514970086,0.0,0.30014371257485023,0.0,0.22217964071856286,0.04938922155688622
2025-04-09,0.0,0.004654690618762478,0.0,0.0,0.0,0.044487025948103866,0.0,0.0,0.0,0.4023153692614774,0.0,0.1942914171656688,0.0,0.1872255489021957,0.16702594810379248
2025-04-10,0.0,0.07893812375249495,0.0,0.0,0.0,0.0810139720558883,0.0,0.0,0.0,0.3361676646706592,0.0,0.02685828343313374,0.0,0.2960718562874252,0.1809500998003993
2025-04-11,0.0,0.04930938123752496,0.0,0.0,0.0,0.191497005988024,0.0,0.0,0.0,0.32058283433133744,0.0,0.07597604790419162,0.0,0.179736526946108,0.18289820359281456
2025-04-12,0.0,0.0460039920159681,0.0,0.0,0.0,0.31765269461077844,0.0,0.0,0.0,0.26804790419161656,0.0,0.03296606786427144,0.0,0.20094211576846308,0.13438722554890226
2025-04-13,0.0,0.15334930139720554,0.0,0.0,0.0,0.3679760479041915,0.0,0.0,0.0,0.22806387225548921,1.596806387225553e-05,0.07203193612774447,0.0,0.06618762475049905,0.11237524950099803
2025-04-14,0.0,0.199193612774451,0.0,0.0,0.02347305389221556,0.3480079840319363,0.0,0.0,0.0,0.24557285429141718,0.0,0.11116966067864276,0.0,0.052247504990020024,0.020335329341317366
2025-04-15,0.0,0.20629141716566876,0.0,0.0,0.01244710578842316,0.3648383233532936,0.0,0.0,0.0,0.264558882235529,0.0,0.13098602794411204,0.0,0.0,0.02087824351297407
2025-04-16,0.014826347305389224,0.15069860279441097,0.0,0.0,0.035353293413173684,0.33196007984031956,0.0,0.0,0.0,0.2748103792415171,0.0,0.16022355289421172,0.0,0.0026906187624750498,0.029437125748502997
2025-04-17,0.0,0.10875049900199608,0.0,0.0,0.060598802395209594,0.303560878243513,0.0,0.0,0.0,0.304487025948104,0.0,0.17730938123752513,0.0,0.03734131736526948,0.007952095808383238
2025-04-18,0.0,0.12229141716566877,0.0,4.79041916167665e-05,0.04417564870259479,0.25985628742514977,0.0,0.0,0.0,0.3543073852295411,0.0,0.1297724550898204,0.0,0.018099800399201598,0.07144910179640718
2025-04-19,0.0,0.11766866267465077,0.0,0.0,0.01782035928143715,0.2524550898203596,0.0,0.0,0.0,0.3582994011976047,0.0,0.14727345309381246,0.0,0.018570858283433148,0.08791217564870259
2025-04-20,0.0,0.026554890219560902,0.0,0.0,0.0,0.21160878243512982,1.596806387225553e-05,0.0,0.0,0.4026427145708587,0.0,0.1481916167664671,0.0,0.06057485029940119,0.15041117764471057
2025-04-21,0.0,0.0259001996007984,0.0,0.0012694610778443123,0.0026107784431137694,0.18382435129740518,1.596806387225553e-05,0.0,0.0,0.30727345309381227,0.0,0.23457884231536938,0.0,0.0590419161676647,0.18548502994011978
2025-04-22,0.0,0.050363273453093826,0.0,0.0,0.0,0.17540918163672675,1.596806387225553e-05,0.0,0.0,0.31234331337325394,0.028295409181636737,0.22921357285429156,0.0,0.05508982035928149,0.14926946107784428
2025-04-23,0.0,0.0004231536926147704,0.0,0.0,0.0,0.19398003992015989,1.596806387225553e-05,0.0,0.0,0.3567824351297406,0.03933732534930144,0.1765508982035929,0.0,0.062371257485029905,0.17053892215568864
2025-04-24,0.0,0.051385229540918155,0.0,0.0,0.0,0.16967664670658691,1.596806387225553e-05,0.0,0.0,0.34392015968063905,0.03378842315369264,0.2267065868263475,0.0,0.00840718562874251,0.16609980039920155
2025-04-25,0.0,0.0,0.0,0.0,0.0,0.3760159680638725,1.596806387225553e-05,0.0,0.0,0.1894690618762476,0.02052694610778444,0.2985309381237524,0.0,3.992015968063883e-05,0.11540119760479044
2025-04-26,0.0,0.0,0.0,0.0,0.0,0.3940678642714573,0.0,0.0,0.0,0.1361596806387227,0.025165668662674664,0.2368303393213573,0.0,0.10284231536926153,0.10493413173652694
2025-04-27,0.0,0.0,0.0,0.0,0.0,0.41534530938123754,1.596806387225553e-05,0.0,0.0,0.10466267465069855,0.06698602794411182,0.09821157684630742,0.0,0.21065868263473053,0.10411976047904195
2025-04-28,0.0,2.395209580838325e-05,0.0,0.0,0.0,0.5081037924151691,0.0,0.0,0.0,0.038107784431137715,0.0889421157684631,0.0677445109780439,0.0,0.22018363273453087,0.07689421157684635
2025-04-29,0.0,0.0,0.0,0.0,0.0,0.4367425149700598,2.395209580838325e-05,0.0,0.0,0.11519361277445118,0.07175249500998004,0.0725349301397206,0.0,0.1984191616766468,0.10533333333333338
2025-04-30,0.0,0.0,0.0,0.0,0.0,0.39032335329341317,2.395209580838325e-05,0.0,0.0,0.11164071856287419,0.05584031936127749,0.15147305389221563,0.0,0.14139720558882235,0.14930139720558877
2025-05-01,0.0,0.0,0.0,0.0,0.0,0.33614371257485043,1.596806387225553e-05,0.0,0.10249101796407188,0.0656926147704591,0.026291417165668664,0.2638882235528944,0.0,0.08490219560878244,0.12057485029940121
2025-05-02,0.0,0.0,0.0,0.0,0.0,0.3838323353293414,1.596806387225553e-05,0.0,0.0,0.05890618762475047,0.010099800399201608,0.20587624750498992,0.0,0.20314570858283437,0.13812375249501002
2025-05-03,0.0,0.0,0.0,0.0,0.0,0.38326546906187625,0.0,0.0,0.0,3.193612774451106e-05,3.992015968063883e-05,0.3190499001996009,0.0,0.15440319361277463,0.14320958083832344
2025-05-04,0.0,0.0,0.0,0.0,1.596806387225553e-05,0.41980838323353264,0.0,0.0,0.0077684630738522895,0.0069940119760479045,0.0,0.3587225548902195,0.0,0.0942834331337326,0.11240718562874266
2025-05-05,0.0,0.0,1.596806387225553e-05,0.0,0.0,0.3568862275449101,0.0,0.0,0.019225548902195605,0.0658842315369262,0.0,0.3636806387225553,0.0,0.0708822355289421,0.12342514970059888
2025-05-06,0.0,0.0,1.596806387225553e-05,0.0,0.0,0.38189221556886244,0.0,0.0,0.01121756487025948,0.08871057884231531,0.0,0.30843912175648686,0.0,0.08577245508982038,0.1239520958083833
2025-05-07,0.0,0.0,0.002123752495009982,0.0,0.0,0.4141956087824352,0.0,0.0,0.0,0.05384431137724555,0.0,0.3218443113772456,0.0,0.09451497005988016,0.11347704590818364
2025-05-08,0.0,0.0,1.596806387225553e-05,0.0,0.0,0.41572854291417155,0.0,0.0,0.0007425149700598799,0.040622754491017994,0.0,0.31972854291417163,0.0,0.12097405189620766,0.10218762475049897
2025-05-09,0.0,0.0,0.05170459081836326,0.0,0.0,0.3592734530938125,0.0,0.0,0.0,0.0661956087824351,0.009676646706586828,0.34560479041916176,0.0,0.05017165668662679,0.11737325349301393
2025-05-10,0.0,0.0,0.05569660678642717,0.0,0.0,0.3766467065868264,0.0,0.0,0.008710578842315376,0.06998003992015979,0.012271457085828347,0.2948263473053894,0.0,0.05263073852295407,0.12923752495009985
2025-05-11,0.0,0.0,1.596806387225553e-05,0.0,0.0,0.26401596806387245,0.0,0.0,0.0,0.16571656686626746,0.010874251497005988,0.0,0.0,0.32257884231536904,0.2367984031936129
2025-05-12,0.0,0.0,1.596806387225553e-05,0.0,0.0,0.273548902195609,0.0,0.0,0.0,0.1548183632734533,7.984031936127767e-05,0.0,0.0,0.34140518962075866,0.23013173652694607
2025-05-13,0.0,0.0,1.596806387225553e-05,0.0,0.0,0.27782035928143717,0.0,0.0,0.0,0.15082634730538935,0.005588822355289423,0.0,0.0,0.33175249500998016,0.23399600798403206
2025-05-14,0.0,0.0,1.596806387225553e-05,0.0,0.0,0.23969660678642737,0.0,0.0,0.0,0.1685668662674652,0.03456287425149699,0.0,0.0,0.275880239520958,0.28127744510978064
2025-05-15,0.0,0.0,1.596806387225553e-05,0.0,0.0,0.169748502994012,0.0,0.0,0.0,0.20857485029940137,0.10197205588822357,0.0,0.0,0.25965668662674674,0.2600319361277443
2025-05-16,0.0,0.0,0.0,0.0,0.0,0.15692614770459085,1.596806387225553e-05,0.0,0.0,0.21332534930139724,0.10408782435129751,0.0,0.0,0.25352495009980036,0.2721197604790419
2025-05-17,0.0,0.0,0.0,0.0,0.0,0.1437844311377247,1.596806387225553e-05,0.0,0.0,0.19527345309381236,0.10889421157684631,0.0,0.0,0.2771097804391216,0.27492215568862227
2025-05-18,0.0,0.0,0.0,0.0,0.0,0.26865469061876246,0.00033532934131736574,0.0,0.0,0.1892614770459083,0.04943712574850302,0.04904590818363277,0.0,0.206746506986028,0.2365189620758485
2025-05-19,0.0,0.0,0.0,0.0,0.0,0.24604391217564875,0.00025548902195608833,0.0,0.03192814371257483,0.18550099800399203,0.038115768463073824,0.08399201596806385,0.0,0.1919920159680639,0.22217165668662675
2025-05-20,0.0,0.0,0.00013572854291417176,0.0,0.06798403193612776,0.38862275449101813,0.0,0.0,0.0,0.07169660678642709,0.1173253493013973,0.0,0.0,0.09671057884231528,0.2575249500998004
2025-05-21,0.0,0.0,1.596806387225553e-05,0.0,0.05128143712574853,0.4157844311377248,0.0,0.0,0.0,0.04805588822355291,0.15577644710578836,0.0,0.0,0.020990019960079855,0.30809580838323375
2025-05-22,0.0,0.0,1.596806387225553e-05,0.0,0.06219560878243512,0.4083752495009979,0.0,0.0,0.0,0.0755049900199601,0.12559680638722565,0.0,0.0,0.07889021956087819,0.24942115768463077
2025-05-23,0.0,0.0,1.596806387225553e-05,0.0,0.025708582834331355,0.46474251497006,0.0,0.0,0.0,0.11667864271457096,0.020239520958083835,0.0,0.0,0.11457085828343314,0.2580439121756485
2025-05-24,0.0,0.0,1.596806387225553e-05,0.0,3.992015968063883e-05,0.5835049900199605,0.0,0.0,0.017069860279441126,0.09884231536926137,0.04904590818363276,0.0,0.0,0.11529740518962082,0.13618363273453096
2025-05-25,0.0,0.0,1.596806387225553e-05,0.0,0.05188822355289419,0.5172215568862272,0.0,0.0,0.0,0.08368063872255484,0.06264271457085828,0.0,0.0,0.17580838323353307,0.10874251497005989
2025-05-26,0.0,0.0,1.596806387225553e-05,0.0,0.08163672654690625,0.4914730538922155,0.0,0.0,0.0,0.08373652694610778,0.08870259481037929,0.0,0.0,0.1967584830339323,0.057676646706586836
2025-05-27,0.0,0.0,0.0,0.0,0.010299401197604786,0.4851576846307389,1.596806387225553e-05,0.0,0.0,0.10976447105788427,0.07302994011976047,0.0,0.0,0.22775249500998015,0.09398003992015976
2025-05-28,0.0,0.0,0.0,0.0,0.01145708582834332,0.490858283433134,1.596806387225553e-05,0.0,7.185628742514981e-05,0.10550898203592822,0.035800399201596826,0.0,0.0,0.3051417165668664,0.05114570858283433
2025-05-29,0.0,0.0,0.0,0.0,0.00345708582834331,0.5250219560878236,1.596806387225553e-05,0.0,0.0,0.09030738522954096,0.009876247504990015,0.0,0.0,0.35816367265469057,0.013157684630738522
2025-05-30,0.0,0.0,0.0,0.0,0.004918163672654691,0.5197285429141716,1.596806387225553e-05,0.0,0.0,0.0672814371257485,0.062475049900199614,0.0,0.0,0.3328622754491018,0.012718562874251505
2025-05-31,0.0,0.0,1.596806387225553e-05,0.0,0.03101796407185626,0.40999600798403174,0.0,0.0,0.0,0.03883433133732542,0.04044710578842316,0.06509381237524958,0.0,0.3320958083832333,0.08249900199600804
2025-06-01,0.0,0.0,1.596806387225553e-05,0.0,0.04226746506986033,0.42918163672654697,0.0,0.0,0.0,0.02766467065868264,0.03569660678642715,0.08189221556886224,0.0,0.2987864271457086,0.08449500998003998
2025-06-02,0.0,0.0,1.596806387225553e-05,0.0,0.01532135728542915,0.512359281437126,0.0,0.0,0.0,0.03198403193612774,0.002107784431137727,0.06522954091816364,0.0,0.2456367265469063,0.12734530938123745
2025-06-03,0.0,0.0,1.596806387225553e-05,0.0,0.03469061876247501,0.4303952095808386,0.0,0.0,0.0,0.07527345309381243,8.782435129740529e-05,0.0863632734530939,0.0,0.2095968063872257,0.16357684630738534
2025-06-04,0.0,0.0,1.596806387225553e-05,0.0,0.06899800399201596,0.4291337325349302,0.0,0.0,0.0,0.04970858283433134,0.03973652694610779,0.08028742514970061,0.0,0.23312574850299428,0.09899401197604793
2025-06-05,0.0,0.0,1.596806387225553e-05,0.0,0.08150099800399198,0.3863792415169661,0.0,0.0,0.0,0.0053812375249500995,0.06681836327345307,0.16074251497005992,0.0,0.23131337325349313,0.06784830339321359
2025-06-06,0.0,0.0,1.596806387225553e-05,0.0,0.07682235528942111,0.3611017964071861,0.0,0.0,0.0,0.00017564870259481063,0.07302195608782437,0.20977245508982043,0.0,0.212191616766467,0.06689820359281437
2025-06-07,0.0,0.0,1.596806387225553e-05,0.05287025948103797,0.06059880239520951,0.2950578842315371,0.0,0.0,0.0,0.029756487025948134,0.07782834331337325,0.2095968063872257,0.0,0.17236726546906211,0.10190818363273452
2025-06-08,0.0,0.0,3.193612774451106e-05,0.04969261477045906,0.07805189620758485,0.1845988023952098,0.0,0.0,0.0,0.032678642714570855,0.12580439121756487,0.2508502994011977,0.0,0.16150898203592817,0.11678243512974056
2025-06-09,0.0,0.0,0.0,0.017908183632734543,0.0544431137724551,0.20522155688622745,0.0,0.0,0.0,0.07172055888223547,0.13756487025948103,0.25453093812375266,0.0,0.1345948103792416,0.12401596806387234
2025-06-10,0.0,0.0,3.193612774451106e-05,0.00872654690618763,0.08179640718562876,0.15853093812375246,0.0,0.0,0.0,0.12726546906187633,0.14208383233532948,0.21307784431137733,0.0,0.11599201596806398,0.15249500998003995
2025-06-11,0.02056686626746508,0.0,3.193612774451106e-05,0.0,0.04841516966067864,0.22384031936127732,0.0,0.0,0.0,0.054706586826347325,0.08325748502994015,0.2337724550898205,0.0,0.17267065868263484,0.16273852295409194
2025-06-12,0.03441916167664675,0.0,0.0,0.0,0.049836327345309385,0.2021317365269461,0.0,0.0,0.0,0.04421556886227544,0.09268662674650703,0.22115768463073848,0.0,0.18007185628742528,0.17548103792415187
2025-06-13,0.042642714570858324,0.0,0.0,0.0,0.055353293413173674,0.18851097804391206,0.0,0.0,0.0,0.0268183632734531,0.09500199600798401,0.22816766467065872,0.0,0.1856926147704591,0.17781237524950133
2025-06-14,0.02899001996007984,0.0,0.0,0.0,0.04417564870259481,0.2085029940119762,0.0,0.0,0.0,0.003169660678642717,0.11178443113772457,0.23903393213572874,0.0,0.19819560878243522,0.16614770459081848
2025-06-15,0.0,0.0,1.596806387225553e-05,0.0,0.05666267465069858,0.2977165668662675,0.0,0.0,0.012471057884231543,0.00046307385229540964,0.0804311377245509,0.18879041916167666,0.0,0.21839520958083847,0.14505389221556883
2025-06-16,0.04218762475049902,0.0,0.0,0.0,0.13493812375249511,0.3194890219560878,0.0,0.0,0.0,0.0,0.044806387225548916,0.27803592814371253,0.0,0.10213972055888224,0.07840319361277445
2025-06-17,0.0,0.0,0.0,0.0,0.17899401197604803,0.33561676646706595,0.0,0.0,0.0,0.0,0.051081836327345316,0.24772055888223576,0.0,0.09227145708582836,0.09431536926147706
2025-06-18,0.0,0.0,0.0,0.0,0.22561277445109787,0.28957285429141727,0.0,0.0,0.0,0.0,0.06574850299401196,0.2610299401197602,0.0,0.07990419161676648,0.07813173652694609
2025-06-19,0.0,0.0,0.0,0.0,0.28436726546906177,0.2370698602794412,0.0,0.0,0.0,0.0,0.06690618762475045,0.24510179640718585,0.0,0.061061876247505004,0.10549301397205596
2025-06-20,0.024071856287425156,0.0,0.0,0.0,0.274363273453094,0.2416926147704593,0.0,0.0,0.0,0.0,0.05807584830339322,0.20411177644710582,0.0,0.11853093812375252,0.07915369261477051
2025-06-21,0.0,0.0,0.0,0.0,0.25831536926147713,0.3026666666666667,0.0,0.0,0.0,0.0010778443113772461,0.05164870259481041,0.1881596806387225,0.0,0.13454690618762483,0.06358483033932141
2025-06-22,0.1033453093812376,0.0,0.0,0.0,0.2761596806387226,0.1563912175648704,0.0,0.0,0.0,0.0,0.051345309381237526,0.2002315369261479,0.0,0.17120159680638738,0.041325349301397224
2025-06-23,0.07802794411177648,0.0,0.0,0.0,0.2724151696606787,0.23468263473053885,0.0,0.0,0.0,0.002395209580838325,0.0,0.16354491017964085,0.0,0.16772854291417175,0.08120558882235519
2025-06-24,0.043137724550898246,0.0,0.0,0.0,0.3067624750499003,0.2383712574850301,0.0,0.0,0.0,3.193612774451106e-05,0.0,0.17465868263473056,0.0,0.1293972055888225,0.10764071856287427
2025-06-25,0.19171257485029947,0.0,0.0,0.0,0.17515369261477065,0.15022754491017984,0.0,0.0,0.0,0.013956087824351305,0.01065868263473054,0.09900998003992012,0.0,0.2550259481037926,0.10425548902195605
2025-06-26,0.10849500998003993,0.0,0.0,0.0,0.00027944111776447136,0.250818363273453,0.0,0.0011257485029940127,0.08792814371257479,0.010962075848303393,0.02261077844311378,0.046938123752495044,0.0,0.4307544910179645,0.0400878243512974
2025-06-27,0.1977724550898205,0.0,0.0,0.0,0.00013572854291417176,0.2397764471057885,0.0,0.0,0.020518962075848315,0.02011976047904191,1.596806387225553e-05,5.5888223552894286e-05,0.0,0.521604790419162,0.0
2025-06-28,0.22870259481037927,0.0,0.0,0.0,0.0009580838323353311,0.17144910179640716,0.0,0.0,0.04752095808383236,0.02859880239520958,0.01253493013972057,0.0003433133732534928,0.0,0.5098922155688634,0.0
2025-06-29,0.10235528942115774,0.0,0.0,0.0,0.10527744510978045,0.07352495009980041,0.0,0.0,0.07265469061876247,0.015049900199600803,0.02264271457085831,0.00025548902195608833,0.0,0.5344111776447109,0.07382834331337329
2025-06-30,0.030179640718562894,0.0,0.0,0.0,0.24974051896207622,5.5888223552894286e-05,0.0,0.0,0.0,0.0,0.06341716566866269,0.015393213572854296,0.0,0.6062275449101796,0.0349860279441118
2025-07-01,0.13086626746506994,0.0,0.0,0.0,0.14223552894211586,7.984031936127767e-05,0.0,0.0,0.0625548902195609,0.0,0.05421157684630741,0.019273453093812377,0.0,0.5465628742514971,0.044215568862275484
2025-07-02,0.04138922155688624,0.0,0.0,0.0,0.25805988023952103,0.0,0.0,0.008487025948103797,0.0,0.0,0.06625948103792417,0.016550898203592807,0.0,0.5973892215568866,0.011864271457085832
2025-07-03,0.055161676646706626,0.0,0.0,0.0,0.2116646706586827,0.0,0.0,0.1821077844311378,0.0,0.0,0.02671457085828346,4.79041916167665e-05,0.0,0.5240958083832336,0.00020758483033932174
2025-07-04,0.0,0.0,0.0,0.0,0.15397205588822369,0.0,0.0,0.16170858283433145,0.0,0.0,0.09970459081836333,4.79041916167665e-05,0.0,0.40632335329341307,0.17824351297405194
2025-07-05,0.0,0.0,0.0,0.0,0.11925748502994013,0.043209580838323346,0.0,0.17389221556886245,0.0,0.0,0.10391217564870259,4.79041916167665e-05,0.0,0.3819161676646709,0.1777644710578843
2025-07-06,0.0,0.0,0.0,0.0,0.16664271457085836,0.0009820359281437127,0.0,0.16664271457085847,0.0,0.0,0.10261876247504997,4.79041916167665e-05,0.0,0.39004391217564904,0.17302195608782445
2025-07-07,0.0,0.0,0.0,0.0,0.2374371257485031,0.0,0.0,0.17513772455089846,0.0,0.0,0.06664271457085827,1.596806387225553e-05,0.0,0.24931736526946124,0.27144910179640713
2025-07-08,0.0,0.0,0.0,0.0,0.2952255489021955,0.0,0.0,0.15380439121756506,0.0,0.0,0.0573652694610779,1.596806387225553e-05,0.0,0.22064670658682647,0.27294211576846295
2025-07-09,0.0,0.0,0.0,0.0,0.2748423153692613,0.0,0.0,0.12439920159680645,0.0,0.0,0.042642714570858255,1.596806387225553e-05,0.0,0.2407824351297405,0.3173173652694613
2025-07-10,0.0,0.0,0.0,0.0,0.3172854291417165,0.0,0.0,0.0,0.0,0.0,0.012982035928143709,0.00021556886227544952,0.0,0.427353293413174,0.2421636726546906
2025-07-11,0.0,0.0,0.0,0.0,0.35885029940119756,0.0,0.0,0.019848303393213588,0.0,0.0,0.0,0.007792415169660684,0.0,0.3063552894211578,0.30715369261477066
2025-07-12,0.0,0.0,0.0,0.0,0.3782355289421157,0.0,0.0,0.0,0.0,0.0,0.0,0.017980039920159688,0.0,0.29972055888223575,0.3040638722554889
2025-07-13,0.0,0.0,0.0,0.0,0.30942115768463063,0.0,0.0,0.0,0.0,0.0,1.596806387225553e-05,0.0003992015968063874,0.0,0.35527345309381236,0.33489021956087867
2025-07-14,0.0,0.0,0.026283433133732555,0.0,0.37036327345309383,0.0,0.0,0.0,1.596806387225553e-05,0.0,0.0,0.0176367265469062,0.0,0.29323752495009964,0.2924630738522954
2025-07-15,0.0,0.07129740518962076,0.1486786427145709,0.0,0.22608383233532955,0.0,0.0,1.596806387225553e-05,0.0,0.0,0.0,0.0100119760479042,0.0,0.1980359281437127,0.34587624750499024
2025-07-16,0.0,0.0,0.1567744510978045,0.0,0.23500199600798413,0.0,0.0,1.596806387225553e-05,0.00013572854291417182,0.0,0.0,0.019944111776447136,0.0,0.20249900199600818,0.38562874251497015
2025-07-17,0.0,0.0,0.0,0.0,0.1502674650698603,0.0,0.0,0.0687025948103793,0.04452694610778445,0.0,0.0,0.0003672654690618765,0.0,0.22097405189620772,0.5151616766467064
2025-07-18,0.0,0.0,0.0,0.0,0.21234331337325352,0.0,0.0,0.046882235528942134,0.015520958083832333,0.0,0.0,0.00642714570858284,0.0,0.20512574850299428,0.5137005988023949
2025-07-19,0.0,0.0,0.0,0.0,0.20604391217564877,0.0,0.0,0.05745309381237525,0.015944111776447115,0.0,0.0,0.004846307385229546,0.0,0.19242315369261484,0.5232894211576853
2025-07-20,0.0,0.0025229540918163644,0.0,0.0,0.19243113772455114,0.0,0.0,0.1047185628742516,1.596806387225553e-05,0.0,0.0,0.0012215568862275468,0.0,0.218546906187625,0.4805429141716568
2025-07-21,0.0,0.0,0.0,0.0,0.14217165668662676,0.0,0.0,0.1536367265469063,0.0,0.0,0.03104191616766466,0.0002475049900199603,0.0,0.34252295409181616,0.3303792415169659
2025-07-22,0.0,0.0,0.0,0.0,0.22590818363273452,0.0,0.0,0.09416367265469061,0.0,0.0,3.992015968063883e-05,0.0002475049900199603,0.0,0.4901636726546908,0.18947704590818382
2025-07-23,0.0,0.06978043912175654,0.0,0.0,0.19243912175648709,0.0,0.0,0.05222355289421162,0.0,0.0,0.010898203592814367,0.00015968063872255533,0.0,0.3936047904191617,0.28089421157684663
2025-07-24,0.0,0.10632335329341326,0.0,0.0,0.17555289421157694,0.0,0.0,0.08262674650698602,0.0,0.0,0.006978043912175651,2.395209580838325e-05,0.0,0.4182435129740521,0.21025149700598808
2025-07-25,0.0,0.10419960079840318,0.0,0.0,0.1710578842315369,0.0,0.0,0.08279441117764474,0.0,0.0,3.992015968063883e-05,0.00015169660678642747,0.0,0.44221157684630774,0.19954491017964085
2025-07-26,0.0,0.11497804391217566,0.0,0.0,0.21044311377245517,0.0,0.0,0.06820758483033938,0.0,0.0,3.992015968063883e-05,0.00014371257485029963,0.0,0.4414371257485031,0.16475049900199606
2025-07-27,0.0,0.09468263473053892,0.0,0.0,0.23486626746507008,0.0,0.0,0.06899001996007985,0.0,0.0,4.79041916167665e-05,0.00013572854291417176,0.0,0.4450059880239522,0.1562714570858285
2025-07-28,0.0,0.10626746506986036,0.0,0.0,0.26301796407185624,0.0,0.0,0.013365269461077849,0.0,0.0,0.0,0.00014371257485029963,0.0,0.3329820359281438,0.2842235528942117
2025-07-29,0.0,0.2037205588822357,0.0,0.0,0.1935808383233534,0.0,0.0,0.026403193612774455,0.0,0.0,0.0,2.395209580838325e-05,0.0,0.3775409181636727,0.1987305389221557
2025-07-30,0.0,0.31326946107784437,0.0,0.0,0.08835928143712572,4.79041916167665e-05,0.0,0.0,0.0,0.0,0.0,2.395209580838325e-05,0.0,0.25611976047904184,0.3421796407185632
2025-07-31,0.0,0.3581796407185629,0.0,0.0,0.03366866267465069,0.0,0.0,0.0,0.0,0.0,0.0,2.395209580838325e-05,0.0,0.20534131736526956,0.4027864271457089
2025-08-01,0.0,0.34015968063872226,0.006115768463073851,0.0,0.004582834331337331,0.0,0.0,0.0,0.0,0.0,0.0,2.395209580838325e-05,0.0,0.1955688622754493,0.45354890219560895
2025-08-02,0.0,0.2234650698602794,0.0,0.0,6.387225548902212e-05,0.0,0.0,0.012055888223552894,0.0,0.0,0.014842315369261479,2.395209580838325e-05,0.0,0.16961277445109788,0.579936127744511
2025-08-03,0.0,0.16261876247505003,0.0,0.0,1.596806387225553e-05,0.0,0.0,0.0,0.0,0.0,0.0443672654690619,0.0,0.0,0.0882714570858284,0.704726546906187
2025-08-04,0.0,0.16311377245508984,0.0,0.0,1.596806387225553e-05,0.0,0.0,0.0,0.0,0.0,0.044399201596806416,0.0,0.0,0.09330139720558883,0.699169660678643
2025-08-05,0.0,0.12930938123752503,0.0,0.0,7.984031936127767e-05,0.03259081836327346,0.0,0.0,0.0,0.0,0.04977245508982036,0.0,0.0,0.008135728542914177,0.7801117764471058
2025-08-06,0.0,0.1088223552894212,0.0,0.0,0.0006227544910179646,0.045133732534930145,0.0,6.387225548902212e-05,0.0,0.0,0.04819161676646711,0.0,0.0,0.008215568862275448,0.7889500998003995
2025-08-07,0.0,0.035081836327345316,0.0,0.0,1.596806387225553e-05,0.05956087824351296,0.0,0.0,0.0,0.0,0.005516966067864274,0.0,0.0,0.036750499001996006,0.8630738522954093
2025-08-08,0.0,0.1477445109780442,0.0,8.782435129740529e-05,0.0,0.03866666666666669,0.0,0.0,0.0,1.596806387225553e-05,0.0180998003992016,0.0,0.0,0.05597604790419168,0.7394091816367263
2025-08-09,0.0,0.17811576846307395,0.0,0.0,1.596806387225553e-05,0.00890219560878244,0.0,0.0,0.0,0.0,0.016878243512974057,0.0,0.0,0.06684231536926148,0.7292455089820362
2025-08-10,0.0004950099800399206,0.2648143712574854,0.0,0.0,0.0043912175648702645,0.0,0.0,0.0,0.0,0.0,2.395209580838325e-05,0.0,0.0,0.10979640718562875,0.620479041916168
2025-08-11,0.00017564870259481057,0.2757844311377249,0.0,0.0,0.0006467065868263467,0.0,0.0,0.0,0.0,0.0,2.395209580838325e-05,0.0,0.0,0.12845508982035933,0.5949141716566864
2025-08-12,0.00023952095808383277,0.22024750499002013,0.0,0.0,0.031433133732534924,0.0,0.0,0.0,0.0,0.0,2.395209580838325e-05,3.193612774451106e-05,0.0,0.16736926147704606,0.5806546906187631
2025-08-13,0.007760479041916168,0.18038323353293415,0.0,5.5888223552894286e-05,1.596806387225553e-05,0.1471616766467067,0.0,0.0,0.0,0.0,0.010914171656686622,2.395209580838325e-05,0.0,0.2223153692614771,0.4313692614770459
2025-08-14,6.387225548902212e-05,0.16245109780439138,0.0,0.0,0.035081836327345295,0.11148103792415175,0.0,0.0,0.0,0.0,0.00032734530938123785,2.395209580838325e-05,0.0,0.23374051896207584,0.45683033932135747
2025-08-15,0.0,0.06152495009980045,0.0,0.0,0.04657085828343313,0.1852854291417168,0.0,0.0,0.0,0.0,0.010914171656686632,2.395209580838325e-05,0.0,0.1648702594810379,0.5308103792415165
2025-08-16,0.0,0.06999600798403197,0.0,0.0,0.05759680638722556,0.1509461077844313,0.0,0.0,0.0,0.0,0.017133732534930148,2.395209580838325e-05,0.0,0.14357684630738524,0.5607265469061874
2025-08-17,0.0,0.1332774451097807,0.0,0.0,0.006818363273453094,0.12102195608782437,0.00528542914171657,0.0,0.0,0.0,0.03871457085828344,0.000191616766467066,0.0,0.08348902195608793,0.6112015968063879
2025-08-18,0.0,0.08284231536926155,0.0,7.185628742514981e-05,0.00035129740518962115,0.1653173652694612,0.020982035928143697,0.0,0.0,0.002922155688622753,0.02065469061876248,0.00017564870259481057,0.0,0.09338922155688627,0.6132934131736526
2025-08-19,0.0,0.0,0.0,0.009924151696606803,0.00031936127744511034,0.19793213572854298,0.04669061876247505,0.0,0.0,0.0,0.007401197604790425,0.00027944111776447136,0.0,0.13457085828343343,0.6028822355289415
2025-08-20,0.0,0.0,0.0,0.0,0.0008942115768463081,0.19431536926147713,0.020526946107784442,0.0,0.0,0.0,0.00017564870259481057,0.0036327345309381267,0.0,0.1361516966067865,0.6443033932135722
2025-08-21,0.0,0.0,0.0,0.08027944111776451,0.0013892215568862298,0.12405588822355294,0.0,0.0,0.0,0.0,0.001357285429141716,0.0013413173652694623,0.0,0.1781876247504991,0.613389221556886
2025-08-22,0.0,0.0,0.0,0.0967584830339322,0.0005269461077844326,0.11680638722554886,0.0,0.0,2.395209580838325e-05,0.0,0.030994011976047925,0.020207584830339333,0.0,0.1278562874251498,0.6068263473053885
2025-08-23,0.0,0.0,0.0,0.020950099800399198,0.00015169660678642747,0.1366626746506986,0.0,0.0,0.0,0.0,0.0007025948103792423,0.003393213572854291,0.0,0.2405828343313374,0.5975568862275453
2025-08-24,0.0,0.0,0.0,0.0,1.596806387225553e-05,0.16194011976047912,0.0,0.0,0.0,0.0,3.193612774451106e-05,2.395209580838325e-05,0.0,0.2700758483033932,0.5679121756487029
2025-08-25,0.0,0.0,0.0,0.0,1.596806387225553e-05,0.14163672654690634,0.0,0.0,0.0,0.0,0.007465069860279443,2.395209580838325e-05,0.0,0.256566866267465,0.594291417165669
2025-08-26,0.0,0.0,0.020279441117764467,0.0,0.00025548902195608833,0.12101397205588826,0.0,0.0,1.596806387225553e-05,0.0,3.193612774451106e-05,2.395209580838325e-05,0.0,0.17770858283433147,0.6806706586826349
2025-08-27,0.0,0.0,0.025844311377245514,0.0,0.00013572854291417182,0.09164870259481038,0.0,0.0,1.596806387225553e-05,0.0,0.0,0.0,0.0,0.1593213572854292,0.7230339321357284
2025-08-28,0.0,0.0,0.05870658682634731,0.0,8.782435129740529e-05,0.04187624750499002,0.0,0.0,1.596806387225553e-05,0.0,0.0,0.0,0.0,0.15970459081836338,0.7396087824351297
2025-08-29,0.0,0.0,0.11366866267465071,0.0,0.00017564870259481057,0.018491017964071873,0.0,0.0,1.596806387225553e-05,0.0,0.0,0.0,0.0,0.10503792415169669,0.7626107784431142
2025-08-30,0.0,0.0,0.13022754491017968,0.0,7.185628742514981e-05,0.013077844311377249,0.0,0.0,1.596806387225553e-05,0.0,0.0,0.0,0.0,0.08556487025948101,0.7710419161676642
2025-08-31,0.0,0.0,0.12361676646706597,0.007872255489021962,0.0,0.0,0.0,0.0,1.596806387225553e-05,0.0,0.007736526946107793,0.0,0.0,0.11120958083832337,0.7495489021956084
2025-09-01,0.0,0.014818363273453091,0.08923752495009989,0.021556886227544914,0.0,0.003912175648702595,0.0,0.0,1.596806387225553e-05,0.0,0.0041756487025948075,0.0,0.0,0.15489820359281453,0.7113852295409183
2025-09-02,0.0,0.014147704590818372,0.07962475049900208,0.041333333333333375,0.0,0.00012774451097804417,0.0,0.0,1.596806387225553e-05,0.0,0.010778443113772462,2.395209580838325e-05,0.0,0.15011576846307398,0.7038323353293406
2025-09-03,0.0,0.0,0.04106986027944111,0.11097804391217567,0.0003672654690618765,0.0,0.0,0.0,1.596806387225553e-05,0.0,0.0246626746506986,2.395209580838325e-05,0.0,0.12847904191616777,0.6944031936127741
2025-09-04,0.0,0.0,0.07738123752495012,0.05741317365269459,0.00011177644710578857,0.028894211576846317,0.0,0.0,1.596806387225553e-05,0.0,0.00898203592814372,2.395209580838325e-05,0.0,0.16180439121756487,0.6653732534930141
2025-09-05,0.0,0.0,0.0880958083832336,0.0,1.596806387225553e-05,0.04166067864271457,0.0,0.0,0.0,0.0,0.012926147704590815,2.395209580838325e-05,0.0,0.21295009980039942,0.644327345309381
2025-09-06,0.0,0.0,0.07137724550898204,0.0,0.00013572854291417176,0.06475848303393214,0.0,0.0,0.0,0.0,0.009508982035928149,2.395209580838325e-05,0.0,0.22123752495009988,0.632958083832336
2025-09-07,0.0,0.0,0.03705389221556892,0.0,0.0,0.09041117764471072,0.0,0.0,1.596806387225553e-05,0.0,3.193612774451106e-05,2.395209580838325e-05,0.0,0.21230339321357308,0.6601596806387227
2025-09-08,0.0,0.0,0.08431137724550898,0.012814371257485038,1.596806387225553e-05,0.042227544910179625,0.0,0.0,0.0,0.0,3.992015968063883e-05,2.395209580838325e-05,0.0,0.20044710578842323,0.6601197604790424
2025-09-09,0.0,0.0,0.08858283433133735,0.0,1.596806387225553e-05,0.05106586826347304,0.0,0.0,0.0,0.0,0.0,2.395209580838325e-05,0.0,0.21382834331337341,0.6464830339321357
2025-09-10,0.0,0.0,0.10285828343313373,0.0,0.0,0.04197205588822355,0.0,0.0,1.596806387225553e-05,0.0,0.0,0.0,0.0,0.22033532934131733,0.6348183632734528
2025-09-11,0.0,0.0685908183632735,0.09224750499001994,0.0001596806387225552,0.0,0.0,0.0,0.0,1.596806387225553e-05,0.0,0.0,0.0,0.0,0.2553293413173654,0.5836566866267464
2025-09-12,0.0,0.06166866267465071,0.12170059880239513,0.0,0.00010379241516966087,0.0,0.0,0.0,1.596806387225553e-05,0.0,0.0,0.0,0.0,0.23711776447105792,0.5793932135728546
2025-09-13,0.0,0.0,0.09297405189620764,0.043041916167664715,0.00035129740518962115,0.0,0.0,0.0,1.596806387225553e-05,0.0,0.0,0.0,0.0,0.11144111776447108,0.7521756487025948
2025-09-14,0.0,0.0,0.16674650698602805,0.0,0.00011976047904191638,0.0,0.0,0.0,1.596806387225553e-05,0.0,0.0,0.0,0.0,0.11763672654690623,0.7154810379241516
2025-09-15,0.0,0.0,0.015057884231536941,0.06194011976047906,0.0,0.03085029940119762,0.0,0.0,1.596806387225553e-05,0.0,0.03633532934131739,6.387225548902212e-05,0.0,0.07609580838323361,0.7796407185628742
2025-09-16,0.0,0.0,0.01407584830339322,0.10758483033932142,0.000191616766467066,0.0,0.0,0.0,1.596806387225553e-05,0.0,0.04122155688622757,6.387225548902212e-05,0.0,0.07553692614770459,0.7613093812375252
2025-09-17,0.0,0.0,0.0,0.12881437125748507,0.0,0.0,0.0,0.0,1.596806387225553e-05,0.0,0.035233532934131784,8.782435129740529e-05,0.0,0.0,0.8358483033932134
2025-09-18,0.0,0.0,0.029628742514970077,0.10475848303393218,0.0,0.0,0.0,0.0,1.596806387225553e-05,0.0,0.02270658682634732,0.007656686626746511,0.0,0.0,0.8352335329341313
2025-09-19,0.0,0.033117764471057874,0.10460678642714578,0.0,0.0,0.00023952095808383277,0.0,0.0,1.596806387225553e-05,0.0,0.03150499001996007,0.020558882235528948,0.0,0.0,0.8099560878243514
2025-09-20,0.000902195608782436,0.00967664670658683,0.06252295409181642,0.0,0.0,0.03635129740518965,0.0,0.0,1.596806387225553e-05,0.0,0.05726946107784436,0.04330538922155689,0.0,0.0,0.7899560878243516
2025-09-21,0.0,0.014634730538922157,0.0980199600798403,0.0,0.0,0.01758882235528942,0.0,0.0,1.596806387225553e-05,0.0,0.036558882235528924,0.043441117764471085,0.0,0.0,0.789740518962076
2025-09-22,0.0,0.06661876247505,0.0024990019960079877,0.0,0.0,0.05418762475049903,0.0,0.0,1.596806387225553e-05,0.005109780439121762,0.02551696606786428,0.0462754491017964,0.0,0.02704191616766468,0.7727345309381238
2025-09-23,0.0,0.0,0.14796806387225545,0.0,0.0,0.01886626746506986,0.0,0.0,1.596806387225553e-05,0.0,0.0318802395209581,0.009516966067864287,0.0,0.0330059880239521,0.7587465069860273
2025-09-24,0.0,0.0,0.09910578842315367,0.0,0.01034730538922155,0.0001996007984031937,0.0,0.0,0.005764471057884233,0.0,0.07114570858283435,0.022163672654690634,0.0,0.12275449101796407,0.668518962075848
2025-09-25,0.0,0.0,0.0,0.0,0.0,0.0,0.0,0.0,0.05847504990019963,0.015568862275449106,0.07129740518962077,0.0,0.0,0.09469061876247506,0.7599680638722557
2025-09-26,0.0,0.0,0.0,0.0,0.0008782435129740522,0.0,0.0,0.0,0.06282634730538927,0.05108183632734529,0.01731736526946107,6.387225548902212e-05,0.0,0.0,0.8678323353293411
2025-09-27,0.0,0.0,0.0,0.0,0.10743313373253492,0.0,0.0,0.0,1.596806387225553e-05,0.0699960079840319,0.0,0.010746506986027943,0.0,0.0,0.8118083832335327
2025-09-28,0.0,0.0,0.0,0.0,0.1266826347305389,0.0,0.0,0.0,1.596806387225553e-05,0.06958083832335338,0.0,0.003401197604790417,0.0,0.0,0.8003193612774455
2025-09-29,0.0,0.0,0.0,0.0,0.1185069860279442,0.0,0.0,0.0,1.596806387225553e-05,0.07619960079840327,0.02236327345309381,7.984031936127767e-05,0.0,0.00013572854291417176,0.7826986027944111
2025-09-30,0.0,0.00020758483033932174,0.0,0.0,0.08732135728542914,0.0,0.0,0.0,1.596806387225553e-05,0.11554491017964076,0.004806387225548905,0.004846307385229542,0.0,0.00010379241516966087,0.7871536926147703
