,XGBoost,LightGBM,CatBoost,SVR,KNN,ExtraTrees,ElasticNet,LSTM,Prophet,NeuralProphet,SARIMAX,TFT,N-HiTS
2024-12-01,0.0,0.0,0.0,0.0,0.0348270968719892,0.0,0.0,0.0,0.40778860214474566,0.05601378340210226,0.0,0.0,0.5013705175811629
2024-12-02,0.0,0.0,0.2437485490398447,0.0,0.0,0.0,0.0,0.0,0.0,0.14801739745023273,0.0,0.0,0.6082340535099227
2024-12-03,0.0,0.0,0.25702637463593503,0.0,0.043007810897087204,0.0,0.0,0.0,0.0,0.1300199457230412,0.0,0.0,0.5699458687439366
2024-12-04,0.0,0.0,0.0,0.0,0.15729899717195336,0.0,0.0,0.0,0.0,0.0,0.19154604814122098,0.10568520054741246,0.5454697541394132
2024-12-05,0.0,0.0,0.0,0.0,0.027606506704952367,0.0,0.0,0.0,0.0,0.0,0.3149095059667423,0.20416220278478492,0.4533217845435203
2024-12-06,0.0,0.0,0.0,0.0,0.23675159132832474,0.0,0.0,0.0,0.0,0.0,0.12156470934798783,0.19888038860136986,0.4428033107223175
2024-12-07,0.0,0.0,0.0,0.0,0.2679649224000579,0.0,0.0,0.0,0.0,0.0,0.2884095705429499,0.12326348828296967,0.32036201877402254
2024-12-08,0.0,0.0,0.0,0.0,0.13630697323824192,0.0,0.0,0.0,0.0,0.0,0.4059861508912992,0.08113524195311243,0.3765716339173466
2024-12-09,0.0,0.0,0.04424325467999543,0.0,0.0,0.0,0.0,0.0,0.0,0.0,0.0,0.9557567453200045,0.0
2024-12-10,0.0,0.0,0.058637532214499785,0.0,0.0,0.0,0.0,0.0,0.0,0.0,0.0,0.9413624677855003,0.0
2024-12-11,0.0,0.0,0.0,0.0,0.0,0.0,0.0,0.0,0.0,0.0,0.0,1.0,0.0
2024-12-12,0.0,0.0,0.0,0.0,0.0,0.0,0.0,0.0,0.0,0.0,0.0,1.0,0.0
2024-12-13,0.0,0.0,0.0,0.0,0.0,0.0,0.0,0.0,0.0,0.0,0.0,0.8391940849984775,0.1608059150015226
2024-12-14,0.0,0.0,0.15120239097669164,0.0,0.0,0.0,0.0,0.0,0.0,0.0,0.0,0.7631574606199676,0.08564014840334078
2024-12-15,0.0,0.0,0.1386937064505022,0.0,0.0,0.0,0.0,0.0,0.0,0.0,0.0,0.861306293549498,0.0
2024-12-16,0.0,0.0,0.00020654297580015318,0.0,0.0,0.0,0.0,0.0,0.0,0.0,0.0,0.7099853109012921,0.2898081461229077
2024-12-17,0.0,0.0,0.20322877449979562,0.0,0.0,0.0,0.0,0.0,0.7452222102520693,0.0,0.0,0.0,0.05154901524813527
2024-12-18,0.0,0.0,0.19832306598523794,0.0,0.0,0.0,0.0,0.0,0.8016769340147621,0.0,0.0,0.0,0.0
2024-12-19,0.0,0.0,0.4953226939151017,0.30615098100173915,0.0,0.0,0.0,0.0,0.0,0.0,0.0,0.0,0.19852632508315907
2024-12-20,0.0,0.0,0.7418660209735157,0.0,0.0,0.0,0.0,0.0,0.0,0.0,0.0,0.0,0.2581339790264844
2024-12-21,0.0,0.0,0.6427983922451966,0.0,0.0,0.0,0.0,0.0,0.0,0.0,0.0,0.0,0.3572016077548035
2024-12-22,0.0,0.0,0.2548975193126784,0.3138703095132098,0.0,0.0,0.0,0.0,0.0,0.0,0.0,0.0,0.43123217117411183
2024-12-23,0.0,0.0,0.0,0.5165885074191827,0.0,0.0,0.0,0.0,0.0,0.0,0.0,0.0,0.4834114925808172
2024-12-24,0.0,0.0,0.0,0.0,0.0,0.0,0.0,0.1964750041218648,0.0,0.0,0.4633925927773253,0.0,0.34013240310080994
2024-12-25,0.0006650115536755314,0.36084036871169656,0.0,0.0,0.0,0.0,0.31833878458573583,0.0,0.0,0.0,0.28385622301592095,0.0,0.03629961213297118
2024-12-26,0.0,0.4912924834178631,0.0,0.0,0.470451481342672,0.0,0.002560047657930888,0.0,0.0,0.0,0.0,0.0,0.035695987581534055
2024-12-27,0.10822191698754265,0.03202437014956407,0.4354633097037007,0.0,0.33087069743713243,0.0,0.0,0.0,0.0,0.0,0.0,0.0,0.09341970572206014
2024-12-28,0.0,0.6466180174162963,0.0,0.0,0.0682511432834243,0.0,0.0,0.2851308393002793,0.0,0.0,0.0,0.0,0.0
2024-12-29,0.0,0.47004578407436043,0.16244852677257612,0.0,0.0,0.0,0.06817511419598157,0.10908505738434374,0.16147204429562206,0.0,0.0,0.0,0.028773473277116088
2024-12-30,0.0,0.31635206477136174,0.24388451992813698,0.0,0.0,0.0,0.0,0.26961505317253204,0.0,0.0,0.0,0.0,0.17014836212796927
2024-12-31,0.07956024919023777,0.18791849049241519,0.3239300947006008,0.0,0.0,0.0,0.0,0.3146086682621241,0.0,0.0,0.0,0.0,0.0939824973546222
2025-01-01,0.03469835706773797,0.10991177435130454,0.0,0.0,0.0,0.0,0.0,0.688226945327087,0.0,0.0,0.0,0.0,0.16716292325387058
2025-01-02,0.0,0.47798178793392665,0.0,0.0,0.0,0.0,0.0,0.2900683165472986,0.0,0.0,0.050696724665441395,0.0,0.18125317085333334
2025-01-03,0.0,0.721289542535305,0.0,0.0,0.0,0.0,0.0,0.0,0.0,0.0,0.052593237639514706,0.0,0.2261172198251803
2025-01-04,0.5709346647240696,0.0,0.25264514033209395,0.0,0.0,0.0,0.0,0.0,0.0,0.012873114098319791,0.0,0.0,0.16354708084551653
2025-01-05,0.0,0.0,0.0,0.0,0.0,0.0,0.8044414544803153,0.0,0.0,0.0,0.10369022948016203,0.0,0.09186831603952259
2025-01-06,0.0,0.0,0.0,0.0,0.0,0.0,0.6402896697822784,0.0,0.0,0.0,0.2728610298040313,0.0,0.08684930041369016
2025-01-07,0.0,0.0,0.0,0.0,0.0,0.0,0.6057378736256049,0.0,0.0,0.0,0.0,0.0,0.39426212637439517
2025-01-08,0.0,0.0,0.11634906215721945,0.0,0.0,0.0,0.0,0.0,0.0,0.030796144865253082,0.651411688905061,0.0,0.2014431040724666
2025-01-09,0.0,0.0,0.0,0.0,0.1534674819183397,0.0,0.0,0.0,0.0,0.0,0.7885417592134312,0.0,0.05799075886822905
2025-01-10,0.0,0.0,0.0,0.0,0.3544732744169935,0.0,0.0,0.0,0.0,0.0,0.6429706132648527,0.0,0.0025561123181537452
2025-01-11,0.0,0.0,0.0,0.0,0.0,0.0,0.0,0.0,0.11506639517100171,0.0,0.6454493856309975,0.0,0.2394842191980007
2025-01-12,0.0,0.0,0.0,0.0,0.0,0.0,0.0,0.0,0.2023979762466425,0.0,0.6765642388819749,0.0,0.12103778487138253
2025-01-13,0.0,0.0,0.0,0.0,0.22616172418365213,0.0,0.0,0.0,0.0,0.0,0.7738382758163479,0.0,0.0
2025-01-14,0.0,0.0,0.0,0.0,0.05126552193292886,0.0,0.0,0.5376957857030203,0.21396037452398992,0.028231651904195736,0.16884666593586511,0.0,0.0
2025-01-15,0.0,0.0,0.0,0.0,0.14798242955176116,0.0,0.0,0.15977401238204372,0.29185982669720184,0.013331431438146643,0.3870522999308468,0.0,0.0
2025-01-16,0.0,0.0,0.0,0.0,0.0,0.0,0.0,0.0,0.26933018558529787,0.05547755387582157,0.3954055084371392,0.27978675210174137,0.0
2025-01-17,0.0,0.0,0.0,0.0,0.038712466190030055,0.0,0.05331708109233044,0.0,0.0,0.29923995342607207,0.4150176090556328,0.19371289023593466,0.0
2025-01-18,0.0,0.0,0.0,0.0,0.05139517705009627,0.0,0.023102210645742704,0.0,0.0,0.16673240454040422,0.49832668114914136,0.2604435266146154,0.0
2025-01-19,0.0,0.0,0.0,0.0,0.0,0.0,0.13278514511273679,0.0,0.25032304951145884,0.13499090715025902,0.0,0.4819008982255453,0.0
2025-01-20,0.0,0.0,0.0,0.0,0.0,0.0,0.23287744378170266,0.0,0.08899403557861414,0.0,0.2226969057554414,0.4554316148842418,0.0
2025-01-21,0.0,0.0,0.0,0.0,0.0,0.0,0.23084193155919996,0.0,0.4494820120044208,0.0,0.0,0.31967605643637936,0.0
2025-01-22,0.0,0.0,0.0,0.0,0.0,0.0,0.0,0.0,0.545365646846392,0.0,0.0,0.45463435315360795,0.0
2025-01-23,0.0,0.0,0.0,0.0,0.0,0.0,0.0,0.05284230208966228,0.12036928756962519,0.0,0.3397418571889649,0.4870465531517477,0.0
2025-01-24,0.0,0.0,0.0,0.0,0.0,0.0,0.0,0.0,0.6082786761963263,0.0,0.0,0.3917213238036738,0.0
2025-01-25,0.0,0.0,0.0,0.0,0.0,0.0,0.0,0.0,0.5324167219752766,0.3072347985414812,0.0,0.16034847948324235,0.0
2025-01-26,0.0,0.0,0.0,0.0,0.0,0.0,0.0,0.0,0.500187474810065,0.4998125251899349,0.0,0.0,0.0
2025-01-27,0.0,0.5300977097467064,0.0,0.0,0.0,0.0,0.0,0.0,0.0,0.4699022902532936,0.0,0.0,0.0
2025-01-28,0.0,0.0,0.0,0.0,0.0,0.0,0.0,0.0,0.0,0.4030306806163674,0.0,0.5969693193836327,0.0
2025-01-29,0.43269694534323344,0.0,0.0,0.0,0.0,0.20696536729936696,0.0,0.0,0.2584849159124185,0.10185277144498109,0.0,0.0,0.0
2025-01-30,0.2201127209673893,0.0,0.0,0.0,0.0,0.19557355940309723,0.0,0.0,0.2539537613774823,0.33035995825203124,0.0,0.0,0.0
2025-01-31,0.0,0.3399011924300172,0.0,0.0,0.22811294550901484,0.0,0.0,0.0,0.3108025493859131,0.0,0.0,0.0,0.12118331267505474
2025-02-01,0.0,0.6725458772126194,0.0,0.0,0.0,0.0,0.0,0.0,0.3274541227873806,0.0,0.0,0.0,0.0
2025-02-02,0.0,0.73366708503156,0.0,0.0,0.0,0.0,0.0,0.0,0.26633291496843997,0.0,0.0,0.0,0.0
2025-02-03,0.0,0.8711121529783086,0.0,0.0,0.0,0.0,0.0,0.0,0.0,0.0,0.0,0.0,0.1288878470216915
2025-02-04,0.0,0.9643933204557329,0.0,0.0,0.0,0.0,0.0,0.0,0.0,0.0,0.0,0.0,0.03560667954426708
2025-02-05,0.0,0.6228878097469152,0.0,0.0,0.0,0.0,0.0,0.0,0.0,0.0,0.0,0.0,0.3771121902530848
2025-02-06,0.0,0.5758433327864593,0.0,0.0,0.0,0.0,0.0,0.0,0.0970972727309852,0.0,0.0,0.0,0.32705939448255544
2025-02-07,0.0,0.0,0.0,0.0,0.28674654900787167,0.0,0.0,0.0,0.2715210560267624,0.0,0.0,0.0,0.441732394965366
2025-02-08,0.0,0.0,0.0,0.0,0.25656666032681347,0.0,0.0,0.0,0.0,0.0,0.44178590813660623,0.0,0.30164743153658025
2025-02-09,0.0,0.0,0.0,0.0,0.6831645135138557,0.0,0.0,0.0,0.3168354864861444,0.0,0.0,0.0,0.0
2025-02-10,0.0,0.0,0.0,0.0,0.4831138988195345,0.0,0.0,0.0,0.4808740247364309,0.0,0.0,0.0,0.03601207644403462
2025-02-11,0.0,0.0,0.0,0.0,0.5101042536048317,0.0,0.0,0.0,0.34305134308856833,0.0,0.0,0.0,0.14684440330660004
2025-02-12,0.0,0.0,0.11257794306630146,0.0,0.5014298505541767,0.0,0.0,0.0,0.01027898234196303,0.0,0.0,0.0,0.3757132240375589
2025-02-13,0.0,0.0,0.07289021983485766,0.0,0.7880066484267202,0.0,0.0,0.0,0.0776576670052914,0.0,0.0,0.0,0.06144546473313082
2025-02-14,0.0,0.0,0.0,0.43427269813968683,0.5201309881236943,0.0,0.0,0.0,0.045596313736618904,0.0,0.0,0.0,0.0
2025-02-15,0.42934171827467865,0.0,0.0,0.0,0.5706582817253214,0.0,0.0,0.0,0.0,0.0,0.0,0.0,0.0
2025-02-16,0.8142584653899626,0.0,0.0,0.1857415346100374,0.0,0.0,0.0,0.0,0.0,0.0,0.0,0.0,0.0
2025-02-17,0.5739553483613182,0.0,0.0,0.0,0.21946761863963335,0.20657703299904842,0.0,0.0,0.0,0.0,0.0,0.0,0.0
2025-02-18,0.5778418505733369,0.0,0.0,0.0,0.2098300191066192,0.21232813032004386,0.0,0.0,0.0,0.0,0.0,0.0,0.0
2025-02-19,0.0,0.5854333767775785,0.0,0.0,0.41456662322242166,0.0,0.0,0.0,0.0,0.0,0.0,0.0,0.0
2025-02-20,0.0,0.0,0.0,0.0,0.8530617228089646,0.0,0.0,0.0,0.0,0.1469382771910353,0.0,0.0,0.0
2025-02-21,0.0,0.0,0.0,0.0,0.5505451014300645,0.0,0.0,0.0,0.0,0.3362244798074831,0.0,0.0,0.11323041876245235
2025-02-22,0.0,0.0,0.0,0.0,0.20704268399292255,0.0,0.0,0.0,0.0,0.7929573160070774,0.0,0.0,0.0
2025-02-23,0.0,0.0,0.0,0.0,0.0,0.0,0.0,0.0,0.0,0.5043685863731605,0.0,0.1311402599445949,0.3644911536822445
2025-02-24,0.0,0.0,0.0,0.0,0.0,0.0,0.0,0.0,0.20283311163615028,0.0958715458483974,0.0,0.4850634654481775,0.21623187706727479
2025-02-25,0.0,0.0,0.0,0.0,0.12051832137423399,0.0,0.0,0.0,0.26040274983101724,0.0,0.0,0.6190789287947487,0.0
2025-02-26,0.04585709131981708,0.5579789955216136,0.0,0.0,0.39616391315856936,0.0,0.0,0.0,0.0,0.0,0.0,0.0,0.0
2025-02-27,0.2254733815606517,0.0,0.0,0.0,0.297448431616004,0.0,0.0,0.0,0.47707818682334435,0.0,0.0,0.0,0.0
2025-02-28,0.19474191002777558,0.0,0.0,0.0,0.4654230857448503,0.0,0.0,0.0,0.33983500422737406,0.0,0.0,0.0,0.0
2025-03-01,0.215918151314236,0.0,0.0,0.0,0.4632210024020359,0.0,0.0,0.0,0.3208608462837281,0.0,0.0,0.0,0.0
2025-03-02,0.0,0.0,0.0,0.0,0.19044458880871973,0.0,0.0,0.0,0.6070244636423135,0.0,0.1660984271344937,0.0,0.036432520414472994
2025-03-03,0.0,0.0,0.0,0.0,0.0,0.0,0.0,0.0,0.149279858899931,0.10205552418970096,0.748664616910368,0.0,0.0
2025-03-04,0.0,0.0,0.0,0.0,0.0,0.0,0.0,0.0,0.29689465980906454,0.0,0.0,0.7031053401909355,0.0
2025-03-05,0.0,0.0,0.0,0.0,0.0,0.0,0.0,0.0,0.0,0.0034799019172392976,0.0,0.7175597881421106,0.27896030994065
2025-03-06,0.0,0.0,0.0,0.0,0.0,0.0,0.0,0.0,0.0,0.0,0.0,0.7950187475726412,0.20498125242735876
2025-03-07,0.0,0.18660973593101682,0.0,0.0,0.0,0.0,0.0,0.0,0.3325000828504748,0.0,0.0,0.4808901812185084,0.0
2025-03-08,0.0,0.1999889977268374,0.0,0.0,0.1596473589421236,0.0,0.0,0.0,0.0,0.0,0.6403636433310389,0.0,0.0
2025-03-09,0.0,0.0,0.0,0.0,0.21560924208604515,0.0,0.0,0.0,0.022328908735909293,0.0,0.6981949948830506,0.06386685429499488,0.0
2025-03-10,0.0,0.0,0.0,0.0,0.15956077958777656,0.0,0.0,0.0,0.2081637776610923,0.0,0.6322754427511311,0.0,0.0
2025-03-11,0.0,0.0,0.0,0.0,0.0,0.0,0.0,0.0,0.6536345846244457,0.0,0.3463654153755543,0.0,0.0
2025-03-12,0.0,0.0,0.0,0.0,0.0,0.0,0.0,0.0,0.7302960435971668,0.0,0.26970395640283323,0.0,0.0
2025-03-13,0.0,0.0,0.0,0.0,0.021342126453764352,0.0,0.0,0.0,0.9786578735462356,0.0,0.0,0.0,0.0
2025-03-14,0.0,0.0,0.0,0.0,0.008167716696839623,0.0,0.0,0.0,0.9918322833031603,0.0,0.0,0.0,0.0
2025-03-15,0.0,0.4838878994557063,0.0,0.0,0.011567885517566807,0.0,0.0,0.0,0.5045442150267269,0.0,0.0,0.0,0.0
2025-03-16,0.0,0.542448383041617,0.0,0.0,0.0,0.1456227102934922,0.0,0.0,0.3119289066648909,0.0,0.0,0.0,0.0
2025-03-17,0.32303334631974845,0.0,0.0,0.0,0.0,0.0,0.0,0.0,0.4602678894659651,0.0,0.21669876421428652,0.0,0.0
2025-03-18,0.3291290333169188,0.0,0.0,0.0,0.0,0.0,0.0,0.0,0.3998148625495408,0.0,0.0,0.2710561041335404,0.0
2025-03-19,0.08332754199343675,0.0,0.0,0.0,0.0,0.0,0.0,0.0,0.29755092884368556,0.0,0.2969385030238395,0.32218302613903815,0.0
2025-03-20,0.009111885818359634,0.0,0.0,0.0,0.0,0.0,0.0,0.0,0.4024585778645365,0.0,0.0,0.5884295363171038,0.0
2025-03-21,0.0,0.0,0.0,0.0,0.0,0.0,0.0,0.0,0.5439027532368769,0.0,0.0,0.45609724676312313,0.0
2025-03-22,0.0,0.0,0.0,0.0,0.0,0.0,0.0,0.0,0.49930266212129987,0.0,0.0,0.5006973378787001,0.0
2025-03-23,0.0,0.0,0.0,0.0,0.09355549281489241,0.0,0.0,0.11668282536505518,0.6500725197511035,0.0,0.13968916206894896,0.0,0.0
2025-03-24,0.0,0.0,0.0,0.0,0.0,0.0,0.0,0.2961109320234855,0.7038890679765144,0.0,0.0,0.0,0.0
2025-03-25,0.0907353440425687,0.0,0.0,0.0,0.0,0.0,0.0,0.0,0.9092646559574313,0.0,0.0,0.0,0.0
2025-03-26,0.23213918143861115,0.0,0.0,0.0,0.0,0.0,0.0,0.0,0.7678608185613889,0.0,0.0,0.0,0.0
2025-03-27,0.16682862438905718,0.0,0.0,0.0,0.013734251862801222,0.0,0.0,0.0,0.645176766474646,0.0,0.17426035727349565,0.0,0.0
2025-03-28,0.2202767029654019,0.0,0.0,0.0,0.0,0.0,0.0,0.0,0.5261328200046802,0.0,0.25359047702991794,0.0,0.0
2025-03-29,0.0,0.0,0.0,0.0,0.22858603177697306,0.0,0.0,0.0,0.7714139682230269,0.0,0.0,0.0,0.0
2025-03-30,0.0,0.0,0.0,0.0,0.2831616378301107,0.0,0.0,0.0,0.7168383621698893,0.0,0.0,0.0,0.0
2025-03-31,0.0,0.0,0.0,0.0,0.39592136136793843,0.0,0.0,0.0,0.48508193694044544,0.11899670169161615,0.0,0.0,0.0
2025-04-01,0.015424636415929558,0.0,0.0,0.0,0.0,0.0,0.0,0.0,0.4610666581288541,0.24503262973794881,0.27847607571726757,0.0,0.0
2025-04-02,0.0,0.0,0.030304997216055517,0.0,0.0,0.0,0.0,0.0,0.6705178831487834,0.0,0.29917711963516114,0.0,0.0
2025-04-03,0.0,0.02194266614977059,0.0,0.0,0.0,0.0,0.0,0.0,0.6068663694080861,0.30303109618479235,0.0,0.0,0.06815986825735094
2025-04-04,0.0,0.0,0.0,0.0,0.17442090450867856,0.0,0.0,0.0,0.7182581363689058,0.0,0.10732095912241572,0.0,0.0
2025-04-05,0.0,0.06521914666718387,0.0,0.0,0.0,0.0,0.0,0.0,0.8479750542924646,0.08680579904035157,0.0,0.0,0.0
2025-04-06,0.0,0.0,0.0,0.0,0.0,0.0,0.0,0.0,0.885142906414389,0.04897977589446985,0.0,0.06587731769114111,0.0
2025-04-07,0.0,0.0,0.0,0.0,0.0,0.0,0.0,0.1656241910190913,0.4393095143170291,0.07908735226193692,0.31597894240194263,0.0,0.0
2025-04-08,0.0,0.0,0.0,0.0,0.0,0.0,0.0,0.007403299139231887,0.13587033078024213,0.0,0.8567263700805259,0.0,0.0
2025-04-09,0.0,0.0,0.0,0.0,0.0,0.0,0.0,0.21040088017092146,0.0,0.0,0.7895991198290784,0.0,0.0
2025-04-10,0.09694496056492413,0.0,0.0,0.0,0.0,0.0,0.0,0.29651432086873514,0.0,0.0,0.6065407185663406,0.0,0.0
2025-04-11,0.03247561367266056,0.0,0.15204134476127532,0.0,0.0,0.0,0.0,0.5226295167498456,0.29285352481621857,0.0,0.0,0.0,0.0
2025-04-12,0.22819186265100103,0.0,0.1998289310419183,0.0,0.0,0.0,0.0,0.42761577693536323,0.14436342937171745,0.0,0.0,0.0,0.0
2025-04-13,0.31886347264268394,0.0,0.0,0.0,0.0,0.0,0.0,0.30559857596951845,0.0,0.0,0.37553795138779766,0.0,0.0
2025-04-14,0.09621837269998937,0.47708262362938875,0.0,0.0,0.0,0.0,0.0,0.0,0.4266990036706219,0.0,0.0,0.0,0.0
2025-04-15,0.21985851034113044,0.0,0.0,0.0,0.0,0.0,0.0,0.007286454214511498,0.27519687688382977,0.0,0.49765815856052836,0.0,0.0
2025-04-16,0.3900319539492754,0.0,0.02673017821690652,0.0,0.0,0.0,0.0,0.0,0.0,0.0,0.5832378678338181,0.0,0.0
2025-04-17,0.0,0.0,0.3347988316500107,0.0,0.0,0.0,0.0,0.0,0.0,0.0,0.49609057515727567,0.16911059319271357,0.0
2025-04-18,0.0,0.0,0.3633635436405181,0.0,0.0,0.0,0.0,0.0,0.0,0.0,0.4143609948362625,0.22227546152321945,0.0
2025-04-19,0.0,0.0,0.3757822145509198,0.0,0.0,0.0,0.0,0.0,0.0,0.0,0.39881915217905967,0.22539863327002044,0.0
2025-04-20,0.0,0.0,0.33838176174929097,0.0,0.0,0.0,0.0,0.0,0.0,0.0,0.44555700492847816,0.21606123332223084,0.0
2025-04-21,0.0,0.0,0.16068886923851172,0.0,0.0,0.0,0.5390256792759094,0.0,0.0,0.05283773218118786,0.24744771930439097,0.0,0.0
2025-04-22,0.17793514856968817,0.0,0.0,0.0,0.0,0.0,0.0,0.0,0.26120195939961854,0.143879861824128,0.08571288153426625,0.33127014867229915,0.0
2025-04-23,0.4586843606129016,0.07717480424947673,0.0,0.0,0.0,0.0,0.0,0.0,0.0,0.0726129452239043,0.251488154775089,0.0,0.14003973513862836
2025-04-24,0.053669541761103605,0.0,0.0,0.0,0.0,0.0,0.0,0.0,0.3292010324391752,0.1586964243485237,0.10527939364242443,0.3531536078087731,0.0
2025-04-25,0.020474016579615197,0.0,0.0,0.0,0.0,0.0,0.0,0.0,0.34720551347462575,0.16880712929914035,0.0788260804268,0.3846872602198187,0.0
2025-04-26,0.0,0.11214387408907521,0.0,0.0,0.0,0.0,0.0,0.0,0.24228292759916822,0.20256642651480997,0.0,0.44300677179694664,0.0
2025-04-27,0.0,0.13928579046469747,0.0,0.0,0.0,0.0,0.0,0.011817645416775319,0.3945456031277598,0.2576248336315561,0.0,0.0,0.1967261273592113
2025-04-28,0.0,0.0,0.0,0.0,0.032267609510934596,0.0,0.0,0.0,0.0,0.44379562865161026,0.0,0.45077023074060785,0.07316653109684716
2025-04-29,0.0,0.0,0.0,0.0,0.0,0.0,0.0,0.0,0.0,0.48996915618706516,0.0,0.4990401651852759,0.010990678627659026
2025-04-30,0.0,0.0,0.0,0.0,0.0,0.0,0.0,0.4838264338881555,0.0,0.38083119168177026,0.0,0.1278342573817774,0.00750811704829685
2025-05-01,0.0,0.0,0.0,0.0,0.0,0.0,0.0,0.5499962983830243,0.0,0.30480456993366695,0.0,0.14519913168330872,0.0
2025-05-02,0.0,0.0,0.0,0.0,0.0,0.0,0.0,0.0,0.0,0.09151103752454698,0.6856589326702777,0.22283002980517536,0.0
2025-05-03,0.0,0.0,0.0,0.0,0.02907673971004306,0.0,0.0,0.15370854953103302,0.0,0.0,0.3505554730368554,0.4666592377220685,0.0
2025-05-04,0.0,0.0,0.0,0.0,0.0,0.0,0.0,0.13681511115743,0.0,0.014453406709605007,0.48089964613885716,0.3678318359941078,0.0
2025-05-05,0.0,0.0,0.0,0.0,0.0,0.0,0.0,0.12492588658952179,0.0,0.0,0.61414306020249,0.21565463416701283,0.045276419040975346
2025-05-06,0.0,0.0,0.0,0.0,0.0,0.0,0.0,0.17997860254227122,0.17497527028073592,0.0,0.461955957998102,0.1694306444396443,0.013659524739246608
2025-05-07,0.0,0.3490841758998692,0.0,0.0,0.0,0.0,0.0,0.0652833601683521,0.05736314223604606,0.0,0.5049936714553399,0.0,0.023275650240392718
2025-05-08,0.0,0.0,0.27246457867711993,0.0,0.07421941671248973,0.2529674971008624,0.0,0.0,0.2863550024958014,0.0,0.11399350501372643,0.0,0.0
2025-05-09,0.0,0.0,0.0,0.0,0.002994168958153618,0.23704497239984093,0.0,0.051221228634683424,0.09325180224355674,0.1157928200274564,0.45477322065268266,0.0,0.04492178708362625
2025-05-10,0.0,0.0,0.0,0.0,0.09378253472358576,0.27926963840694224,0.0,0.0009231929950140985,0.1693023259014583,0.08495906682967998,0.33004696921506155,0.0,0.04171627192825815
2025-05-11,0.0,0.10728090908512997,0.0,0.0,0.0,0.0,0.0,0.0,0.449677660775976,0.0,0.0,0.0,0.443041430138894
2025-05-12,0.0,0.09383038424126619,0.0,0.0,0.0,0.0,0.0,0.0,0.4293698826364543,0.0,0.0,0.0,0.47679973312227947
2025-05-13,0.0,0.05481491146093186,0.0,0.0,0.0,0.0,0.0,0.0,0.43349029166609315,0.01173818273546241,0.0,0.0,0.4999566141375126
2025-05-14,0.0,0.012044785211049337,0.0,0.0,0.0,0.0,0.0,0.0,0.40320916410864316,0.11185929053027212,0.0,0.0,0.4728867601500354
2025-05-15,0.0,0.043675769004412286,0.0,0.0,0.0,0.0,0.0,0.0,0.19117828768790432,0.24629651896075605,0.0,0.0,0.5188494243469274
2025-05-16,0.0,0.0548121238433052,0.0,0.0,0.0,0.0,0.0,0.0,0.0,0.5172119740352492,0.0,0.0,0.42797590212144565
2025-05-17,0.0,0.0,0.0,0.0,0.0,0.0,0.0,0.0,0.014996095576398931,0.4942105872396384,0.025451708877608076,0.0,0.46534160830635457
2025-05-18,0.1363500065694715,0.08217989280077435,0.12174929287687516,0.0,0.0,0.0,0.0,0.0,0.0,0.13008961563050828,0.14252448625231312,0.3855370676666951,0.001569638203362398
2025-05-19,0.1917586643123096,0.0,0.0,0.0,0.01631696978081067,0.04384100522346485,0.0,0.0,0.3197694406495298,0.0,0.26780547273573424,0.0,0.1605084472981509
2025-05-20,0.0,0.0,0.0,0.0,0.028969440442748632,0.0,0.0,0.8336768614254263,0.0,0.13073073425547735,0.0,0.0,0.006622963876347652
2025-05-21,0.10720248318170736,0.0,0.0,0.0,0.1323911351655885,0.0,0.0,0.39416555587099894,0.0,0.22815578169071696,0.0,0.0,0.13808504409098837
2025-05-22,0.13433652257186218,0.0,0.0,0.0,0.0,0.0,0.0,0.6838749474069838,0.0,0.18178853002115383,0.0,0.0,0.0
2025-05-23,0.0,0.0,0.0,0.0,0.0,0.0,0.0,0.9797892999100702,0.0,0.020210700089929742,0.0,0.0,0.0
2025-05-24,0.0,0.0,0.0,0.0,0.0,0.0,0.0,0.763106214371199,0.1843680949124379,0.052525690716363066,0.0,0.0,0.0
2025-05-25,0.0,0.0,0.0,0.0,0.47990441714396703,0.0,0.0,0.0,0.4780490248939324,0.042046557962100564,0.0,0.0,0.0
2025-05-26,0.0,0.0,0.0,0.0,0.631227020716287,0.0,0.0,0.0,0.36877297928371294,0.0,0.0,0.0,0.0
2025-05-27,0.0,0.0,0.0,0.0,0.499351829351415,0.0,0.0,0.0,0.44095486422188807,0.059693306426696915,0.0,0.0,0.0
2025-05-28,0.0,0.0,0.0,0.06706443147441364,0.39125961276784116,0.0,0.0,0.0,0.5145607618910655,0.02711519386667956,0.0,0.0,0.0
2025-05-29,0.0,0.0,0.0,0.0,0.0,0.0,0.0,0.0,0.3477912366025334,0.0291650910535132,0.6230436723439534,0.0,0.0
2025-05-30,0.0,0.0,0.0,0.0,0.02291151999865897,0.0,0.0,0.0,0.30024618740305714,0.10341259914662208,0.5734296934516617,0.0,0.0
2025-05-31,0.0,0.0,0.0,0.0,0.2149049506057737,0.0,0.0,0.0,0.0,0.1001337819199053,0.684961267474321,0.0,0.0
2025-06-01,0.0,0.0,0.0,0.0,0.4346809577459634,0.0,0.0,0.0,0.0,0.06594640567601052,0.49937263657802616,0.0,0.0
2025-06-02,0.0,0.0,0.0,0.0,0.5132234491540832,0.0,0.0,0.040166501628905955,0.0,0.0,0.30422933259247126,0.0046342541697555065,0.13774646245478409
2025-06-03,0.0,0.0,0.0,0.0,0.5451178466632612,0.0,0.0,0.0,0.0,0.0,0.05063806363921826,0.40424408969752046,0.0
2025-06-04,0.0,0.010422531621200694,0.0,0.0,0.8492921890085241,0.0,0.0,0.0,0.0,0.14028527937027516,0.0,0.0,0.0
2025-06-05,0.0,0.03384033180722232,0.0,0.0,0.8119180196624902,0.0,0.0,0.0,0.0,0.15424164853028746,0.0,0.0,0.0
2025-06-06,0.0,0.016259845049822287,0.0,0.5359804480137695,0.0,0.0,0.0,0.0,0.0,0.10581065139109316,0.0,0.34194905554531496,0.0
2025-06-07,0.0,0.0,0.0,0.30554635339762337,0.0,0.08153833288625406,0.0,0.0,0.0,0.11941008926400759,0.17115257893556504,0.25154206641801,0.07081057909853983
2025-06-08,0.0,0.1756331899278066,0.0,0.0,0.0,0.0,0.0,0.0,0.0,0.20397090635025564,0.3849897231803615,0.0,0.23540618054157608
2025-06-09,0.0,0.23149739138678363,0.0,0.0,0.0,0.0,0.0,0.0,0.046040241569931,0.27626180870610784,0.1980545519438092,0.15770261589353343,0.0904433904998348
2025-06-10,0.0,0.05638010175077323,0.0,0.0,0.0,0.0,0.0,0.0,0.15216687372154436,0.20745718681831554,0.39541805911279704,0.123137514203328,0.06544026439324183
2025-06-11,0.0,0.0,0.0,0.0,0.0,0.0,0.0,0.4374803956767627,0.12313714998974713,0.22938214995906614,0.0,0.0,0.21000030437442394
2025-06-12,0.0,0.0,0.0,0.15937431612753708,0.0,0.0,0.0,0.0,0.1844424855255088,0.16147897828881078,0.0,0.0,0.4947042200581433
2025-06-13,0.0,0.0,0.0,0.19415360409618024,0.05825201607219994,0.0,0.0,0.07200455408871852,0.2734583015909396,0.06355996645924708,0.0,0.0,0.3385715576927145
2025-06-14,0.0,0.0,0.0,0.0,0.0,0.0,0.0,0.3963898342957239,0.3596532782701073,0.0,0.0,0.0,0.2439568874341688
2025-06-15,0.0,0.0,0.0,0.0,0.12222339386342919,0.0,0.0,0.6403575478339515,0.18992400466351955,0.0,0.0,0.0,0.04749505363909979
2025-06-16,0.0,0.0,0.0,0.0,0.2030734491596813,0.0,0.0,0.6519178010678279,0.14500874977249076,0.0,0.0,0.0,0.0
2025-06-17,0.0,0.0,0.0,0.0,0.7325060014040563,0.0,0.0,0.13334380364100576,0.0,0.056707494254628156,0.07744270070030977,0.0,0.0
2025-06-18,0.0,0.0,0.5718557961023661,0.026064391020127364,0.0,0.0,0.0,0.2509453806057179,0.0,0.05247930469138664,0.09865512758040192,0.0,0.0
2025-06-19,0.0,0.04988253940565414,0.4280420918535305,0.0,0.3568911794281807,0.0,0.0,0.0,0.0,0.0,0.16518418931263457,0.0,0.0
2025-06-20,0.0,0.061601491974745924,0.5445976983730425,0.0,0.06952044418633349,0.0,0.0,0.04418657041401207,0.0,0.0,0.11384606939811111,0.16624772565375484,0.0
2025-06-21,0.0,0.059770763510748476,0.4986332159607502,0.0,0.2257336027046794,0.007927061553818218,0.0,0.0,0.0,0.0,0.15882261198265316,0.04911274428735062,0.0
2025-06-22,0.0,0.4312073191034358,0.13665800885068527,0.0,0.14746007670075043,0.0,0.0,0.0,0.0,0.0,0.0,0.14562494876183057,0.13904964658329805
2025-06-23,0.0,0.3756643945760724,0.0,0.08761598588150092,0.0,0.0,0.0,0.0,0.0,0.0,0.0,0.1104191629325517,0.42630045660987487
2025-06-24,0.0,0.0,0.0,0.06617259061995363,0.0,0.0,0.0,0.0,0.027908468982309847,0.0,0.09822853046340121,0.38171080229852034,0.425979607635815
2025-06-25,0.0,0.0,0.0,0.0,0.0,0.0,0.0,0.0,0.0,0.0,0.0,0.6371843039829093,0.3628156960170908
2025-06-26,0.0,0.0,0.0,0.0,0.0,0.0,0.0,0.0,0.0,0.0,0.0,0.6294107487781162,0.3705892512218839
2025-06-27,0.4718236938831225,0.0,0.0,0.0,0.0,0.0,0.0,0.0,0.0,0.0,0.0,0.18951755318067315,0.33865875293620445
2025-06-28,0.0,0.0,0.0,0.0,0.0,0.8530046047453884,0.0,0.0,0.0,0.0,0.0,0.07775384596889852,0.06924154928571301
2025-06-29,0.02786562101322066,0.0,0.5358414007583631,0.0,0.16487212936645446,0.0,0.0,0.0,0.0,0.0,0.23357306255548616,0.0,0.03784778630647579
2025-06-30,0.0,0.40037361115257203,0.4284048506032845,0.0,0.019321428198766994,0.0,0.0,0.05701856817271404,0.0,0.0,0.0948815418726625,0.0,0.0
2025-07-01,0.0,0.36638659914281124,0.34497034521076736,0.0,0.16675012539215978,0.0,0.0,0.05721225647895345,0.0,0.0,0.0646806737753082,0.0,0.0
2025-07-02,0.0,0.31185465240361737,0.0,0.0,0.5197031814824844,0.0,0.0,0.041735935580672075,0.0,0.0,0.12670623053322608,0.0,0.0
2025-07-03,0.0,0.2566195941236793,0.04800536444355446,0.4798420808195786,0.041948251476366195,0.0,0.0,0.0,0.0,0.0,0.1735847091368215,0.0,0.0
2025-07-04,0.0,0.0,0.0,0.5318867319035264,0.0,0.0,0.0,0.0,0.11382156535226108,0.0,0.07228798998216399,0.20498512720404238,0.07701858555800616
2025-07-05,0.0,0.0,0.0,0.709604654267523,0.0,0.0,0.0,0.0,0.031229669703168483,0.1455821495442279,0.0,0.0,0.11358352648508076
2025-07-06,0.0,0.0,0.0,0.0,0.0,0.0,0.0,0.0,0.0,0.10536392763034241,0.16651240083525629,0.40161165214076655,0.32651201939363483
2025-07-07,0.0,0.0,0.0,0.0,0.398997412232135,0.0,0.0,0.0,0.0038675638761601814,0.10050658015134734,0.15134114825373207,0.0,0.34528729548662557
2025-07-08,0.0,0.0,0.0,0.0,0.48324439760668186,0.0,0.0,0.0,0.0,0.09667994728101267,0.11309616706972517,0.0,0.3069794880425802
2025-07-09,0.0,0.0,0.0,0.0,0.2568880272299851,0.0,0.0,0.0,0.0,0.12713752780793322,0.0,0.0,0.6159744449620816
2025-07-10,0.15045664904674289,0.0,0.0,0.0,0.8495433509532571,0.0,0.0,0.0,0.0,0.0,0.0,0.0,0.0
2025-07-11,0.16167496413645732,0.0,0.0,0.0,0.8383250358635427,0.0,0.0,0.0,0.0,0.0,0.0,0.0,0.0
2025-07-12,0.0,0.0,0.0,0.07839201422059502,0.8995971499776964,0.0,0.0,0.0,0.0,0.0,0.0,0.022010835801708643,0.0
2025-07-13,0.0,0.0,0.0,0.0,0.529624937740226,0.0,0.0,0.0,0.0,0.012914927119522773,0.0,0.03712061526691121,0.42033951987334
2025-07-14,0.0,0.0,0.0,0.0,0.3431145319714847,0.0,0.0,0.0,0.0,0.0,0.0,0.0,0.6568854680285153
2025-07-15,0.0,0.0,0.0,0.0,0.0,0.0,0.0,0.0,0.0,0.0,0.0,0.41667357484692036,0.5833264251530796
2025-07-16,0.0,0.0,0.0,0.0,0.0,0.0,0.0,0.0,0.0,0.0,0.3303298390439715,0.0,0.6696701609560285
2025-07-17,0.0,0.0,0.0,0.0,0.0,0.0,0.0,0.0,0.061672460916107265,0.0,0.03016370620112056,0.0,0.9081638328827721
2025-07-18,0.0,0.0,0.0,0.0,0.0,0.0,0.0,0.0,0.14228947980050527,0.0,0.0,0.0,0.8577105201994948
2025-07-19,0.0,0.0,0.0,0.0,0.0,0.0,0.0,0.0,0.18607470806149176,0.0,0.0,0.0,0.8139252919385083
2025-07-20,0.0,0.0,0.0,0.0,0.0,0.0,0.0,0.0,0.17340226790545912,0.0,0.11488548312339018,0.0,0.7117122489711507
2025-07-21,0.22139460541227254,0.0,0.0,0.0,0.0,0.0,0.0,0.0,0.07246524210290702,0.0,0.5619739004884992,0.0,0.14416625199632133
2025-07-22,0.0,0.7075448840494295,0.0,0.0,0.0,0.0,0.0,0.11406623399487283,0.17838888195569758,0.0,0.0,0.0,0.0
2025-07-23,0.0,0.3246340739912187,0.0,0.0,0.0,0.0,0.0,0.0,0.11916782146014147,0.0,0.0,0.5561981045486398,0.0
2025-07-24,0.24736689408077286,0.4472769131267472,0.0,0.0,0.0,0.0,0.0,0.0,0.0,0.15536382345958805,0.14999236933289187,0.0,0.0
2025-07-25,0.02607132636477257,0.46859429240371075,0.24579157935343315,0.0,0.0,0.0,0.0,0.0,0.10587458975675822,0.15366821212132528,0.0,0.0,0.0
2025-07-26,0.1668962899766213,0.0,0.0,0.0,0.7114623425850337,0.0,0.0,0.0,0.0,0.12164136743834504,0.0,0.0,0.0
2025-07-27,0.0,0.0,0.0,0.0,0.8889340098551575,0.0,0.0,0.0,0.028930164125342914,0.0821358260194995,0.0,0.0,0.0
2025-07-28,0.0369645299351966,0.0,0.0,0.0,0.9443116240225392,0.0,0.010765307398503838,0.0,0.005164825812380438,0.0,0.002793712831379966,0.0,0.0
2025-07-29,0.0,0.0,0.0,0.7906274380478144,0.0,0.12486301671008708,0.0,0.0,0.08450954524209849,0.0,0.0,0.0,0.0
2025-07-30,0.21822302356629847,0.0,0.0,0.7817769764337016,0.0,0.0,0.0,0.0,0.0,0.0,0.0,0.0,0.0
2025-07-31,0.2195252029251362,0.0,0.0,0.7804747970748638,0.0,0.0,0.0,0.0,0.0,0.0,0.0,0.0,0.0
2025-08-01,0.0,0.0,0.0,0.8989120962284267,0.0,0.0,0.0,0.0,0.0,0.0,0.0,0.0,0.1010879037715732
2025-08-02,0.0,0.0,0.0,0.599327952067639,0.0,0.0,0.0,0.0,0.0,0.049718276386958964,0.0,0.02680360122760043,0.3241501703178016
2025-08-03,0.0,0.0,0.0,0.0,0.0,0.0,0.0,0.0,0.19766768443865393,0.024585256138495496,0.0,0.018799681762862005,0.7589473776599887
2025-08-04,0.0,0.0,0.0,0.0,0.0,0.0,0.0,0.0,0.24164876587463294,0.03519081158352478,0.0,0.05576289512729093,0.6673975274145514
2025-08-05,0.0,0.0,0.0,0.0,0.0,0.0,0.0,0.0,0.18944822709216896,0.06707004681461899,0.0,0.0,0.7434817260932121
2025-08-06,0.0,0.0,0.0,0.0,0.0,0.0,0.0,0.0,0.20548283459750805,0.03677672883277295,0.0,0.0,0.757740436569719
2025-08-07,0.0,0.0,0.0,0.0,0.0,0.0,0.0,0.0,0.21589789329213555,0.028177490358488995,0.0,0.0,0.7559246163493755
2025-08-08,0.0,0.32734661989305947,0.0,0.0,0.0,0.0,0.0,0.0,0.28423118408681797,0.0,0.0,0.0,0.38842219602012246
2025-08-09,0.0,0.0,0.0,0.0,0.0,0.0,0.14496134211390518,0.0,0.2778432790023386,0.0,0.0,0.0,0.5771953788837563
2025-08-10,0.7973786067069164,0.0,0.16278771458872265,0.0,0.017224121013413668,0.0,0.0,0.0,0.0,0.0,0.0,0.0,0.0226095576909472
2025-08-11,0.8788866897187371,0.0,0.0,0.0,0.0,0.0,0.0,0.0,0.0,0.0,0.0,0.0,0.12111331028126293
2025-08-12,0.7249423678908223,0.0,0.0,0.0,0.0,0.0,0.0,0.0,0.0,0.08342330710773116,0.0,0.0,0.19163432500144645
2025-08-13,0.7275661689892486,0.0,0.0,0.0,0.0,0.0,0.0,0.0,0.0,0.08856831060968856,0.0,0.0,0.1838655204010628
2025-08-14,0.0,0.2532757042182099,0.0,0.0,0.4288326688858566,0.0,0.0,0.0,0.0,0.13044117750792864,0.0,0.0,0.18745044938800504
2025-08-15,0.0,0.8928644682887779,0.0,0.0,0.0514103087965184,0.0,0.0,0.0,0.0,0.055725222914703706,0.0,0.0,0.0
2025-08-16,0.0,0.36486648158637647,0.0,0.0,0.3957348127432862,0.0,0.0,0.0,0.030746290478025497,0.08389019165339713,0.0,0.0,0.12476222353891463
2025-08-17,0.22041172780322185,0.0,0.15109929477807216,0.0,0.12155590554673888,0.0,0.0,0.0,0.10898415402977736,0.05499897794104696,0.0,0.0,0.34294993990114286
2025-08-18,0.0,0.0,0.0903179956532291,0.0,0.28217318252614115,0.0,0.0,0.0,0.04739047568225746,0.06163799381897121,0.16534177926482327,0.0,0.3531385730545778
2025-08-19,0.0,0.0,0.5232158952464815,0.0,0.0,0.0,0.0,0.0,0.02059859508708936,0.0,0.23191780687074506,0.0,0.224267702795684
2025-08-20,0.0,0.0,0.0,0.0,0.3382157918879021,0.0,0.0,0.0,0.05834384320867384,0.0,0.009843811863174259,0.0,0.5935965530402498
2025-08-21,0.0,0.0,0.0,0.0,0.28076855269391093,0.0,0.0,0.0,0.04538079318598309,0.011409181158033547,0.0,0.0,0.6624414729620723
2025-08-22,0.0,0.0,0.0,0.1212031740088773,0.0,0.20080564345759386,0.0,0.0,0.0662335354078948,0.057249661034616754,0.0,0.0,0.5545079860910174
2025-08-23,0.0,0.0,0.0,0.07167799324514337,0.0,0.3122234079450069,0.0,0.0,0.06362442503349278,0.0551949199609995,0.0,0.0,0.49727925381535737
2025-08-24,0.0,0.0,0.0,0.0,0.0,0.07929616736680539,0.0,0.0,0.0796463137044475,0.0223005130234085,0.0,0.10865304686607498,0.7101039590392637
2025-08-25,0.0,0.0,0.0,0.0,0.0,0.0,0.0,0.0,0.0,0.06685053722775262,0.0,0.10704387029709897,0.8261055924751485
2025-08-26,0.0,0.0,0.13507316612495723,0.08181336061249922,0.0,0.0,0.0,0.0,0.0,0.0,0.0,0.215082457876062,0.5680310153864815
2025-08-27,0.0,0.0,0.1604950562585078,0.3074207012679376,0.0,0.0,0.0,0.0,0.0,0.0,0.0,0.0,0.5320842424735547
2025-08-28,0.0,0.0,0.2994173042248896,0.2584923332110361,0.0,0.0,0.0,0.0,0.0,0.0,0.0,0.0,0.44209036256407425
2025-08-29,0.0,0.0,0.014238260948112442,0.0,0.0,0.38542362936030156,0.0,0.0,0.0,0.0,0.0,0.0,0.600338109691586
2025-08-30,0.0,0.0,0.0,0.0,0.0,0.46244414467657674,0.0,0.0,0.0,0.0,0.0,0.0,0.5375558553234233
2025-08-31,0.0,0.0,0.0529369530654146,0.0,0.0,0.34937144028970313,0.0,0.0,0.0,0.0,0.0,0.0,0.5976916066448822
2025-09-01,0.0,0.0,0.0,0.0,0.0,0.5958852796194005,0.0,0.0,0.0,0.0,0.0,0.0,0.40411472038059953
2025-09-02,0.0,0.0,0.0,0.0,0.0,0.5378709026770558,0.0,0.0,0.0,0.0,0.0,0.0,0.46212909732294416
2025-09-03,0.0,0.0,0.0,0.0,0.0,0.40042609855312433,0.0,0.0,0.0,0.0,0.0,0.30748890165458287,0.29208499979229285
2025-09-04,0.2325448140664437,0.0,0.5105715070746882,0.0,0.0,0.12548042080893024,0.0,0.0,0.0,0.0,0.0,0.0,0.13140325804993785
2025-09-05,0.08544370456681524,0.0,0.4447891257987187,0.0,0.0,0.13954502767161373,0.0,0.0,0.0,0.0,0.0,0.11207595916151632,0.218146182801336
2025-09-06,0.08743283764076791,0.0,0.659695580835809,0.0,0.0,0.0,0.0,0.0,0.0,0.0,0.0,0.06530719885673424,0.18756438266668884
2025-09-07,0.0,0.1746151115486253,0.5821740673426546,0.0,0.0,0.21270662377257674,0.0,0.0,0.0,0.0,0.0,0.0,0.030504197336143454
2025-09-08,0.0,0.15417561154763454,0.5957836598558254,0.0,0.0,0.20453156457642888,0.0,0.0,0.0,0.0,0.0,0.0,0.04550916402011123
2025-09-09,0.0,0.1384089943876337,0.6693636313189048,0.0,0.0,0.0,0.0,0.0,0.0,0.0,0.10450272515932998,0.08772464913413154,0.0
2025-09-10,0.0,0.0,0.46156741505722726,0.0,0.0,0.0,0.0,0.0,0.0,0.0,0.0,0.19488048011373033,0.3435521048290424
2025-09-11,0.0,0.0,0.4304797585221922,0.0,0.0,0.0,0.0,0.0,0.0,0.0,0.0,0.2043397231772605,0.36518051830054726
2025-09-12,0.033437757953635114,0.0,0.6280482444320389,0.0,0.0,0.0,0.0,0.0,0.0,0.0,0.045863216645024595,0.0,0.29265078096930136
2025-09-13,0.0,0.0,0.7033057976681997,0.0,0.0,0.0,0.0,0.0,0.0,0.0,0.06890757557959,0.0,0.22778662675221034
2025-09-14,0.0,0.0,0.7020210352310885,0.0,0.0,0.0,0.0,0.0,0.0,0.0,0.0,0.00987931890273639,0.28809964586617504
2025-09-15,0.0,0.11786394723368832,0.0,0.0,0.0,0.0,0.0,0.0,0.0,0.0,0.003689775773637035,0.4999681441519422,0.37847813284073234
2025-09-16,0.0,0.13465277308353568,0.0,0.0,0.0,0.0,0.0,0.0,0.0,0.06619939141254362,0.16215949099189897,0.3112128351520909,0.32577550935993094
2025-09-17,0.0,0.0,0.0,0.0,0.0,0.0,0.0,0.0,0.0,0.17383884365042734,0.3270526068773605,0.0,0.4991085494722121
2025-09-18,0.0,0.6133991111920963,0.0,0.06728544928032666,0.0,0.0,0.0,0.0,0.0,0.0,0.26301441480234916,0.0,0.05630102472522784
2025-09-19,0.0,0.0,0.0,0.0,0.0,0.0,0.0,0.0,0.35179098231258843,0.0,0.2268262265263992,0.11333590745651882,0.30804688370449357
2025-09-20,0.0,0.4039989948492036,0.0,0.0,0.11611153689219599,0.0,0.0,0.0,0.15248259203631748,0.0,0.0,0.0,0.3274068762222829
2025-09-21,0.0,0.21973454325501432,0.0,0.17646180163388797,0.0,0.36528760285235135,0.0,0.0,0.020129788262325435,0.0537966277969158,0.0,0.0,0.16458963619950528
2025-09-22,0.0,0.0,0.0,0.20774833941190776,0.11747736627533327,0.0,0.050786834633193355,0.0,0.09830852243615874,0.0,0.0,0.0,0.5256789372434069
2025-09-23,0.0,0.0,0.0,0.0,0.0,0.4993460130564971,0.0,0.0,0.0,0.12912796144859226,0.0,0.0,0.3715260254949106
2025-09-24,0.0,0.0,0.0,0.0,0.0,0.18037267086804865,0.0,0.0,0.0,0.10120587012516118,0.0,0.34583727437672934,0.3725841846300608
2025-09-25,0.5914931998052286,0.0,0.0,0.0,0.0,0.0,0.0,0.0,0.0,0.1646487493181084,0.0,0.0,0.24385805087666304
2025-09-26,0.6919560067282311,0.0,0.0,0.0,0.0,0.0,0.0,0.0,0.01660753131189264,0.12985636807911366,0.0,0.0,0.1615800938807625
2025-09-27,0.8234250462793642,0.0,0.0,0.0,0.0,0.0,0.0,0.0,0.0,0.11806763732083914,0.0,0.0,0.05850731639979677
2025-09-28,0.8161379435305226,0.0,0.0,0.0,0.0,0.0,0.0,0.0,0.0,0.10252286979721557,0.0,0.0,0.0813391866722619
2025-09-29,0.6330342095248824,0.0,0.0,0.0,0.0,0.0,0.0,0.0,0.0,0.09064664806657963,0.0,0.0,0.27631914240853794
2025-09-30,0.0,0.0,0.0,0.4090482807339907,0.0,0.0,0.0,0.0,0.08975423597655138,0.08112112959556854,0.2678688464621898,0.0,0.15220750723169957
