,XGBoost,LightGBM,CatBoost,SVR,KNN,ExtraTrees,ElasticNet,LSTM,Prophet,SARIMAX,TFT,N-HiTS
2024-12-01,0.046702705524073136,0.0,0.0,0.06413710910297159,0.0,0.0,0.0,0.0,0.04140910942864494,0.4997696672539197,0.0,0.34798140869039057
2024-12-02,0.06626753013180192,0.0,0.0,0.07101801244628146,0.0,0.0,0.0,0.0,0.0,0.5051291166558377,0.0,0.357585340766079
2024-12-03,0.0784679568090939,0.0,0.0,0.0,0.0,0.0,0.0,0.0,0.0,0.5187087133632765,0.0,0.40282332982762953
2024-12-04,0.0,0.0,0.0,0.0,0.0,0.0,0.0,0.0,0.0,0.6045602191795701,0.0,0.39543978082042974
2024-12-05,0.0,0.0,0.0,0.0,0.0,0.0,0.0,0.0,0.0,0.5956898884498161,0.0,0.4043101115501839
2024-12-06,0.0,0.0,0.0,0.0,0.0,0.0,0.0,0.0,0.0,0.6023997748577435,0.0,0.3976002251422564
2024-12-07,0.040656160638843516,0.0,0.0,0.0,0.0,0.0,0.0,0.0,0.0,0.5710887995652947,0.0,0.3882550397958619
2024-12-08,0.02491622288884183,0.0,0.0,0.019038140027403103,0.0,0.0,0.0,0.0,0.0,0.5490849066218529,0.0,0.4069607304619022
2024-12-09,0.04729949905002542,0.0,0.0,0.17360158911785162,0.0,0.0,0.0,0.0,0.0,0.33477907528305184,0.09549251984980005,0.3488273166992711
2024-12-10,0.09470559453678347,0.0,0.0,0.19119258481160503,0.0,0.0,0.0,0.0,0.0009506535210221273,0.3207347663340756,0.12481510935135408,0.26760129144515976
2024-12-11,0.0,0.0,0.0,0.14062775477693476,0.0,0.0,0.0,0.0,0.0,0.5606573480999288,0.027789408317744176,0.27092548880539213
2024-12-12,0.0,0.0,0.0,0.1173107358261601,0.0,0.0,0.0,0.0,0.0026800379293407317,0.5856093274973113,0.0,0.29439989874718775
2024-12-13,0.0,0.0,0.0,0.1432546454724664,0.0,0.0,0.0,0.0,0.08224837225502944,0.40174581969665335,0.0,0.3727511625758508
2024-12-14,0.0,0.0,0.0,0.19462865087046508,0.0,0.0,0.0,0.0,0.18717701898056624,0.17808784191831856,0.0,0.4401064882306502
2024-12-15,0.0,0.0,0.0,0.18706882216275533,0.0,0.0,0.0,0.0,0.2098378531176611,0.18243977383768564,0.0,0.4206535508818978
2024-12-16,0.0,0.0,0.0,0.1063188818130823,0.0,0.0,0.0,0.0,0.2701397987017009,0.1674573489080906,0.0,0.4560839705771263
2024-12-17,0.0,0.0,0.0,0.09734272680429307,0.0,0.0,0.0,0.0,0.3190040900276681,0.2067093364563676,0.0,0.3769438467116713
2024-12-18,0.0,0.0,0.0,0.3232884933280839,0.0,0.0,0.0,0.0,0.28563457576861767,0.0708832208661199,0.0,0.32019371003717867
2024-12-19,0.0,0.0,0.0,0.3301335257099835,0.0,0.08936063689078053,0.0,0.0,0.19404511403082533,0.0,0.07983862920954705,0.30662209415886366
2024-12-20,0.0,0.0,0.0,0.4229015631940893,0.0,0.06870185185140269,0.0,0.0,0.10869035744191594,0.0,0.041957011215772784,0.3577492162968193
2024-12-21,0.0,0.0,0.0,0.3792016853617343,0.0,0.029718038592400464,0.0,0.0,0.07058351900267439,0.0,0.15771817080469602,0.36277858623849485
2024-12-22,0.0,0.0,0.0,0.44463796126574395,0.0,0.0,0.0,0.0,0.0016833267476728988,0.0,0.1332610752861957,0.4204176367003875
2024-12-23,0.0,0.0,0.0,0.4383593196273231,0.0,0.0,0.0,0.0,0.019911604500947908,0.0,0.11542889817645487,0.4263001776952742
2024-12-24,0.0,0.0,0.0,0.4556273489084399,0.0,0.0,0.0,0.0,0.0,0.0,0.1180978977999446,0.42627475329161546
2024-12-25,0.0,0.0,0.2457109765548482,0.31005126514499964,0.0,0.0,0.0,0.0,0.0,0.0,0.0,0.4442377583001521
2024-12-26,0.0,0.06255573460407798,0.23602364069871531,0.241842212555179,0.0,0.0,0.0,0.0,0.0,0.0,0.0,0.45957841214202777
2024-12-27,0.0,0.18502529982673685,0.1632367133773169,0.17034289774017838,0.0,0.0,0.0,0.0,0.0,0.0,0.0,0.4813950890557678
2024-12-28,0.0,0.1362382817287345,0.15704474432344198,0.2217671943878736,0.0,0.0,0.0,0.0,0.0,0.0,0.0,0.48494977955994995
2024-12-29,0.0,0.13936890470355096,0.21215574884073318,0.1602034230472023,0.0,0.0,0.0,0.0,0.0,0.0,0.0,0.4882719234085135
2024-12-30,0.0,0.14297130038321348,0.2131901151974592,0.16814336312956768,0.0,0.0,0.0,0.0,0.0,0.0,0.0,0.47569522128975966
2024-12-31,0.0,0.11132478559188622,0.2595581551858776,0.16448894477089882,0.0,0.0,0.0,0.0,0.0,0.0,0.0,0.4646281144513373
2025-01-01,0.0,0.06629061678410779,0.4036301216550341,0.09525210411731226,0.0,0.0,0.0,0.0,0.04566052285113698,0.0,0.0,0.3891666345924089
2025-01-02,0.09131183378182497,0.08040814884996772,0.39424867705527283,0.0,0.0,0.0,0.0,0.0,0.09813416115942315,0.0,0.0,0.3358971791535113
2025-01-03,0.05139901884357513,0.0,0.5578092053881794,0.0,0.0,0.0,0.0,0.0,0.07777916273716023,0.0,0.0,0.3130126130310853
2025-01-04,0.07401455844608738,0.0,0.658061524947497,0.0,0.0,0.0,0.0,0.0,0.0,0.0,0.0,0.2679239166064155
2025-01-05,0.0032941244957273076,0.0,0.41268256685447147,0.08163166459191556,0.0,0.0,0.031028485566742366,0.0,0.09187535525570409,0.0,0.0,0.3794878032354392
2025-01-06,0.0,0.0,0.42648295860765406,0.04367015064717522,0.0,0.0,0.0,0.0,0.12546781966033016,0.0,0.0,0.40437907108484056
2025-01-07,0.0,0.0,0.4025400045569151,0.06086028530392669,0.0,0.0,0.0,0.0,0.08121150307901243,0.0,0.0,0.4553882070601458
2025-01-08,0.0,0.0,0.32885947709355373,0.1704440772364625,0.0,0.0,0.0,0.0,0.11777673721617148,0.0,0.0,0.3829197084538123
2025-01-09,0.0,0.0,0.32972061696823274,0.15337701909764528,0.0,0.0,0.0,0.0,0.13799949530727004,0.0,0.0,0.37890286862685196
2025-01-10,0.0,0.0,0.3361937789393538,0.13914227012316993,0.0,0.0,0.0,0.0,0.15765767874021389,0.0,0.0,0.3670062721972624
2025-01-11,0.0,0.0,0.17773278747501625,0.20531485361689902,0.0,0.0,0.22008000415354287,0.0,0.0,0.0,0.0,0.3968723547545418
2025-01-12,0.3531033015409663,0.0,0.19639830044565676,0.0,0.0,0.0,0.20960987011647192,0.0,0.0,0.0,0.0,0.24088852789690504
2025-01-13,0.09639821385107002,0.0,0.25903923848317484,0.13115844776344995,0.0,0.0,0.15409704397353802,0.0,0.0,0.0,0.07813284626473473,0.2811742096640325
2025-01-14,0.3046933759060046,0.0,0.045245806848256354,0.05975660737866629,0.0,0.0,0.19959876328380657,0.0,0.0,0.0,0.16493757178747778,0.22576787479578844
2025-01-15,0.013090117646408566,0.0,0.1807088620044409,0.1477166367049715,0.0,0.0,0.013741159996350056,0.0,0.0,0.0,0.3324302359035822,0.3123129877442469
2025-01-16,0.0,0.0,0.17098985437879963,0.11072381401504194,0.0,0.0,0.11488651234259,0.0,0.0,0.0,0.34921207221958,0.25418774704398855
2025-01-17,0.0,0.0,0.09452665618542241,0.060447239191584255,0.0,0.0,0.1451325947804627,0.0,0.0,0.0,0.45131724613374075,0.24857626370878994
2025-01-18,0.0,0.0,0.1437880214596914,0.03274160802581234,0.0,0.0,0.11226080421325882,0.0,0.0,0.0,0.5230454589371928,0.18816410736404454
2025-01-19,0.0,0.0,0.09402330549625275,0.09005334025830675,0.0,0.0,0.13970046387064117,0.0,0.0,0.0,0.42318076203067173,0.25304212834412765
2025-01-20,0.0,0.0,0.13530877577199357,0.08519755526189011,0.0,0.0,0.13432242209655565,0.0,0.0,0.0,0.39922125631349165,0.245949990556069
2025-01-21,0.0,0.0,0.12359674857612706,0.07187278408094643,0.0,0.0,0.19987725646915677,0.0,0.0,0.0,0.3114953575618866,0.29315785331188304
2025-01-22,0.0,0.0,0.0,0.05479191070037105,0.0,0.0,0.19220784253774098,0.0,0.0,0.0,0.4114134292375037,0.3415868175243844
2025-01-23,0.0,0.0,0.0,0.13288255281910002,0.0,0.0,0.12749764944186548,0.0,0.0,0.0,0.3733289779826421,0.36629081975639244
2025-01-24,0.0,0.0,0.0,0.14308657873972436,0.0,0.0,0.13662857182297602,0.0,0.0,0.0,0.35230782196529487,0.36797702747200484
2025-01-25,0.0,0.0,0.0,0.0,0.0,0.0,0.07344240218183837,0.0,0.2620091366257437,0.04318945627413716,0.40049070132076203,0.22086830359751888
2025-01-26,0.016750059605771743,0.0,0.0,0.0,0.0,0.0,0.0,0.0,0.395492937454632,0.17708724160824016,0.06114545659187216,0.34952430473948404
2025-01-27,0.040836366209686045,0.0,0.0,0.0,0.0,0.0,0.0,0.0,0.1507801150479477,0.18070444868596922,0.3706707316946545,0.25700833836174247
2025-01-28,0.06969947363466407,0.0,0.0,0.0,0.0,0.0,0.0,0.0,0.05136954906556503,0.18602364375847386,0.4913537441172475,0.2015535894240495
2025-01-29,0.08025070752246206,0.0,0.0,0.0,0.0,0.0,0.0,0.0,0.0,0.23431703588090386,0.6507079586545448,0.03472429794208919
2025-01-30,0.06471179110674131,0.0,0.0,0.0,0.0,0.0,0.0,0.0,0.0,0.20226608612200112,0.6996705805573337,0.033351542213924015
2025-01-31,0.06626728923179598,0.0,0.0,0.0,0.0,0.0,0.0,0.0,0.0,0.2088543767445129,0.6814783454815628,0.04339998854212842
2025-02-01,0.1030236646563662,0.0,0.0,0.0,0.0,0.0,0.0,0.0,0.026459270189364996,0.15911862145002129,0.6035772022332171,0.10782124147103034
2025-02-02,0.04304257939947375,0.0,0.0,0.0,0.0,0.0,0.0,0.0,0.0,0.17591509660729068,0.744026728492501,0.037015595500734716
2025-02-03,0.0,0.0,0.0,0.0,0.0,0.0,0.0,0.0,0.09183005260174881,0.03836526523926369,0.8698046821589875,0.0
2025-02-04,0.0,0.0,0.0,0.0,0.0,0.0,0.0,0.0,0.14569822188132656,0.0,0.8036427559379157,0.050659022180757796
2025-02-05,0.0,0.0,0.0,0.0,0.0,0.0,0.0,0.0,0.13372849373514223,0.0,0.7793504521478336,0.08692105411702417
2025-02-06,0.0,0.0,0.0,0.0,0.0,0.0,0.0,0.0,0.1282216395068103,0.09787316605865783,0.6947273437980717,0.0791778506364601
2025-02-07,0.0,0.0,0.0,0.0,0.0,0.0,0.0,0.0,0.21826388861814247,0.0,0.6975510264625574,0.08418508491930007
2025-02-08,0.0,0.0,0.0,0.0,0.0,0.0,0.0,0.0,0.1652329117197586,0.0,0.7663365649125834,0.0684305233676581
2025-02-09,0.0,0.0,0.0,0.3301411957686752,0.0,0.0,0.0,0.0,0.2134399270479693,0.0,0.31222215248967483,0.14419672469368067
2025-02-10,0.017071043787588343,0.0,0.0,0.35331255612914125,0.0,0.0,0.0,0.0,0.20839472716004068,0.0,0.2213400100363895,0.19988166288684034
2025-02-11,0.0,0.0,0.0,0.31342214802284013,0.0,0.0,0.0,0.0,0.19166823927328483,0.0,0.32762672490622113,0.16728288779765393
2025-02-12,0.0,0.07568058157389844,0.0,0.25816691026717453,0.0,0.0,0.0,0.0,0.20356381422392453,0.0,0.21294526877397227,0.24964342516103027
2025-02-13,0.031330498813181694,0.0312054681536706,0.0,0.2942429250098063,0.0,0.0,0.0,0.0,0.18719154219481635,0.0,0.2002649612838452,0.25576460454467986
2025-02-14,0.17979307425845958,0.0,0.0,0.20832247298312248,0.0,0.0,0.0,0.0,0.16789161071353145,0.0,0.44399284204488654,0.0
2025-02-15,0.32416836093199636,0.0,0.0,0.2015359370697987,0.0,0.0,0.0,0.0,0.03570452170805285,0.07061054987163562,0.30623890580784896,0.06174172461066748
2025-02-16,0.43986588071793375,0.0,0.0,0.01215887264299472,0.0,0.0,0.0,0.0,0.0,0.0,0.5479752466390715,0.0
2025-02-17,0.4333712115664168,0.0,0.0,0.025273521268310027,0.0,0.0,0.0,0.0,0.0,0.0,0.5413552671652732,0.0
2025-02-18,0.4294459256514716,0.0,0.0,0.03857388473712642,0.015271493817945245,0.09317633262414905,0.0,0.0,0.0,0.0,0.4235323631693078,0.0
2025-02-19,0.43399639320889566,0.0,0.0,0.0,0.04648180079875637,0.11141875795870776,0.0,0.0,0.0,0.0,0.4081030480336402,0.0
2025-02-20,0.2851109991752282,0.0,0.0,0.0,0.3132498396766535,0.006374881754958814,0.0,0.0,0.0,0.0,0.297027074859208,0.09823720453395131
2025-02-21,0.07546172667741807,0.021070594561053303,0.0,0.0,0.2775003127144839,0.025507195270821355,0.0,0.0,0.0,0.0,0.1609678219977202,0.4394923487785032
2025-02-22,0.09513536786743541,0.0269437186335451,0.0,0.0,0.23552746396968266,0.02721438741267263,0.0,0.0,0.08736549913475632,0.0,0.18392371526592674,0.34388984771598113
2025-02-23,0.094902554294651,0.0,0.0,0.0,0.019371546023741637,0.000685753950074154,0.0,0.0,0.22354695594952304,0.0,0.1468290870723909,0.5146641027096194
2025-02-24,0.09415224284423797,0.0,0.04556620389868471,0.013014332435891476,0.0,0.0,0.0,0.0,0.23068005297654823,0.0,0.10664457552967399,0.5099425923149636
2025-02-25,0.07315871213220501,0.0,0.10413098819634369,0.0,0.030250754925432246,0.0,0.0,0.0,0.16658931879000266,0.0,0.0,0.6258702259560164
2025-02-26,0.2140920766005768,0.0,0.050792079202185786,0.18990353732222445,0.22063339467653068,0.0,0.0,0.0,0.16256738169667242,0.0,0.0,0.16201153050180975
2025-02-27,0.3382075647443024,0.0,0.0,0.10298333147312047,0.30585700726229864,0.0,0.0,0.0,0.1513151626386826,0.0,0.0,0.1016369338815959
2025-02-28,0.38035793911295185,0.0,0.0,0.13370611864821103,0.29205327475776444,0.0,0.0,0.0,0.13445942729997676,0.0,0.0,0.05942324018109583
2025-03-01,0.26044095698571856,0.0,0.0,0.25681628523209765,0.2799513290626795,0.0,0.0,0.0,0.13815561291534584,0.0,0.0,0.06463581580415842
2025-03-02,0.06208593000296447,0.0,0.0,0.3240022020080561,0.17484708428998397,0.0,0.0,0.0,0.2390518051898886,0.0,0.0,0.20001297850910696
2025-03-03,0.0,0.060465697504857994,0.0,0.15379639366821696,0.0022275002251937043,0.0,0.0,0.0,0.39252853471222193,0.0,0.13316581327920549,0.25781606061030393
2025-03-04,0.0,0.11368424471547295,0.0,0.021522632197328823,0.0,0.0,0.0,0.0,0.38741648291994046,0.0,0.24412795065387397,0.2332486895133838
2025-03-05,0.0,0.11236856914253074,0.0,0.0,0.0,0.0,0.0,0.0,0.3345782172374828,0.0,0.16232518992828834,0.39072802369169807
2025-03-06,0.0,0.07946931845035551,0.0,0.0,0.0,0.0,0.0,0.0,0.3400801332584933,0.0,0.2450467592546869,0.3354037890364643
2025-03-07,0.0,0.12956920493552374,0.0,0.0,0.0,0.0,0.0,0.0,0.24900859704747155,0.0,0.32031908676900245,0.30110311124800226
2025-03-08,0.0,0.12683903023137047,0.0,0.0,0.023571007362485765,0.0,0.0,0.0,0.1534111779434254,0.0,0.4004276622181528,0.2957511222445655
2025-03-09,0.0,0.08179035120174918,0.0,0.0,0.015032557825313944,0.0,0.0,0.0,0.2599682294399011,0.0,0.43085083405341545,0.21235802747962032
2025-03-10,0.0,0.07340139754818543,0.0,0.0,0.10953981577946582,0.0,0.0,0.0,0.21316060421108446,0.0,0.4768892170297224,0.12700896543154191
2025-03-11,0.0,0.008276715329281498,0.0,0.0,0.0,0.0,0.0,0.0,0.39717143932066856,0.0,0.48304414234367,0.11150770300638004
2025-03-12,0.0,0.009059127659229066,0.0,0.0,0.0,0.0,0.0,0.0,0.3986360284285109,0.0,0.4715654363741647,0.12073940753809531
2025-03-13,0.0,0.016154065461269778,0.0,0.0,0.0,0.0,0.0,0.0,0.4403133818292728,0.0,0.45667736822282895,0.08685518448662846
2025-03-14,0.0,0.05683575488611385,0.0,0.0,0.0,0.0,0.0,0.0,0.43986650354483375,0.0,0.3733694618796988,0.12992827968935353
2025-03-15,0.0,0.05494268174110609,0.0,0.0,0.0,0.0,0.0,0.0,0.5343161354162721,0.0,0.3915392750749982,0.019201907767623736
2025-03-16,0.0,0.10744747796483209,0.0,0.0,0.0,0.0,0.0,0.0,0.5371495282579194,0.0,0.35540299377724854,0.0
2025-03-17,0.0,0.12044310591192856,0.0,0.0,0.0,0.0,0.0,0.0,0.5156268576981945,0.0,0.2986767810936414,0.06525325529623566
2025-03-18,0.0,0.08876494052449,0.0,0.0,0.0,0.0,0.0,0.0,0.5541710258672365,0.0,0.3570640336082735,0.0
2025-03-19,0.0,0.0,0.0,0.0,0.0,0.0,0.0,0.0,0.6266571510195846,0.0,0.3733428489804154,0.0
2025-03-20,0.0,0.0,0.0,0.0,0.0,0.0,0.0,0.0,0.6477949857260613,0.0,0.3522050142739387,0.0
2025-03-21,0.0,0.0,0.0,0.0,0.0,0.0,0.0,0.0,0.6613352114011175,0.0,0.3386647885988825,0.0
2025-03-22,0.0,0.0,0.0,0.0,0.0,0.019164029354578584,0.0,0.0,0.6277455184545516,0.09039350688925514,0.2626969453016147,0.0
2025-03-23,0.0,0.0,0.0,0.0,0.0,0.0,0.0,0.0,0.605596826443336,0.06793339174795678,0.31403860841301423,0.012431173395693093
2025-03-24,0.0,0.0,0.0,0.0,0.0,0.0,0.0,0.0,0.5979918382343646,0.04835056520082118,0.3536575965648142,0.0
2025-03-25,0.0,0.0,0.0,0.0,0.0,0.0,0.0,0.0,0.6135837676669734,0.0,0.3864162323330266,0.0
2025-03-26,0.0,0.0,0.0,0.0,0.0,0.0,0.0,0.0,0.636231422809442,0.0,0.2128496372643241,0.15091893992623392
2025-03-27,0.0,0.0,0.0,0.0,0.0,0.0,0.0,0.0,0.5975015766715079,0.0,0.35356025630983046,0.048938167018661584
2025-03-28,0.0,0.0,0.0,0.0,0.0,0.0,0.0,0.0,0.6620254689849594,0.0,0.29774070200853225,0.04023382900650839
2025-03-29,0.0,0.0,0.0,0.0,0.0,0.0,0.0,0.0,0.6519242114289496,0.0,0.29303608560923516,0.05503970296181528
2025-03-30,0.0,0.0,0.0,0.005191709494107009,0.0,0.0,0.0,0.0,0.6869800899116318,0.0,0.24938085743463229,0.05844734315962898
2025-03-31,0.0,0.0,0.0,0.0,0.0,0.0,0.0,0.0,0.6639925400213429,0.0,0.26804320435670204,0.06796425562195513
2025-04-01,0.0,0.0,0.0,0.0085151986251292,0.0,0.0,0.0,0.0,0.6612714724622865,0.0,0.23204189321918808,0.09817143569339627
2025-04-02,0.0,0.0,0.0,0.0,0.0,0.0,0.0,0.0,0.6688324687614748,0.030084361849659225,0.3010831693888659,0.0
2025-04-03,0.0,0.0,0.0,0.002397801567058371,0.0,0.0,0.0,0.0,0.6607149241378167,0.0,0.33688727429512483,0.0
2025-04-04,0.0,0.0,0.0,0.02792884869886937,0.0,0.0,0.0,0.0,0.6305038213887851,0.0,0.3415673299123455,0.0
2025-04-05,0.0,0.0,0.0,0.019341754608763556,0.0,0.0,0.0,0.0,0.6370997125800024,0.0,0.343558532811234,0.0
2025-04-06,0.0,0.0,0.0,0.052929132681513454,0.0,0.0,0.0,0.0,0.6171717604366058,0.0,0.32989910688188073,0.0
2025-04-07,0.0,0.0,0.0,0.2698848604507667,0.0,0.0,0.0,0.0,0.561181305425385,0.0,0.14915530528980203,0.019778528834046297
2025-04-08,0.0,0.0,0.0,0.3575450397010955,0.07296930913895543,0.0,0.0,0.0,0.560222667394527,0.0,0.002533591560767538,0.006729392204654574
2025-04-09,0.0,0.0,0.0,0.474740334274964,0.05171958876272318,0.0,0.0,0.0,0.43461401017895335,0.0,0.0,0.038926066783359574
2025-04-10,0.05861133974661907,0.0,0.0,0.45548672195273165,0.0,0.0,0.0,0.0,0.3724419621120298,0.0,0.0,0.11345997618861953
2025-04-11,0.05405641722830511,0.0,0.0,0.4824524186807087,0.006326943449709775,0.0,0.0,0.0,0.34350541254789213,0.0,0.0,0.1136588080933842
2025-04-12,0.09174766452072042,0.0,0.0,0.5031810369916152,0.02264951675814263,0.0,0.0,0.0,0.2974372647977345,0.0,0.0,0.08498451693178719
2025-04-13,0.10433126836291187,0.0,0.0,0.5044826298661703,0.050769446289740436,0.0,0.0,0.0,0.26182267078966137,0.0,0.0,0.07859398469151603
2025-04-14,0.0,0.01885277399005462,0.05093250108928241,0.5155740422610657,0.07273337559285972,0.0,0.0,0.0,0.2858057103345727,0.0,0.0,0.056101596732164895
2025-04-15,0.0,0.0,0.09187938890526183,0.5333155199974079,0.10425186231361537,0.0,0.0,0.0,0.2327578683404715,0.0,0.0,0.03779536044324341
2025-04-16,0.0,0.0,0.062032966082869276,0.4620160404916426,0.1716790249176743,0.0,0.0,0.0,0.25966309877724286,0.0,0.0,0.04460886973057091
2025-04-17,0.0,0.0,0.07276892012049238,0.43688912255786666,0.18641846145800844,0.0,0.0,0.0,0.29167961336318277,0.0,0.0,0.01224388250044978
2025-04-18,0.0,0.0,0.14838266056286095,0.3384646258404223,0.08830739990432497,0.0,0.0,0.0,0.3477714723429826,0.0,0.0,0.07707384134940909
2025-04-19,0.0,0.0,0.19828729805316925,0.31485891221158474,0.02078740789252622,0.0,0.0,0.0,0.3521977996786675,0.0,0.0,0.11386858216405227
2025-04-20,0.0,0.0,0.0,0.39264420041505316,0.0,0.0,0.0,0.0,0.39823200658231483,0.0,0.06352129552994142,0.14560249747269066
2025-04-21,0.0,0.0,0.0,0.3439327570870091,0.0,0.0,0.0,0.0,0.2390770206419818,0.17730958804903466,0.1002374501668614,0.139443184055113
2025-04-22,0.0,0.0,0.0,0.3550629376863223,0.0,0.0,0.0,0.0,0.20902572126832566,0.15959283511273056,0.16627408459710832,0.11004442133551307
2025-04-23,0.0,0.0,0.0,0.34054504253846696,0.0,0.0,0.0,0.0,0.1313652764952564,0.21649736619589421,0.22996520931897596,0.08162710545140635
2025-04-24,0.0,0.0,0.0,0.2917871053992812,0.0,0.0,0.0,0.0,0.1218510672499643,0.2664064477140988,0.2544356802175487,0.06551969941910693
2025-04-25,0.0,0.0,0.0,0.3846102541734208,0.0,0.0,0.0,0.0,0.09715111118448531,0.2859581717172265,0.15853209686378666,0.0737483660610807
2025-04-26,0.0,0.0,0.0,0.36992119553204367,0.0,0.0,0.0,0.029999303688104908,0.03801682045924116,0.27252021670209436,0.27111397184072566,0.018428491777790306
2025-04-27,0.0,0.0,0.0,0.3464910590203338,0.0,0.0,0.0,0.020364767116752003,0.11823119512599176,0.1459389408097119,0.2650619983870525,0.10391203954015811
2025-04-28,0.0,0.0,0.0,0.5432274627674911,0.034646787789785,0.0,0.0,0.0,0.00816425075048556,0.13908926512633346,0.16513674917601584,0.10973548438988906
2025-04-29,0.0,0.0,0.0,0.4602070819925212,0.0,0.0,0.0,0.0,0.03903824801126378,0.18111536591220137,0.2123875639538249,0.1072517401301886
2025-04-30,0.0,0.0,0.0,0.38637479598676094,0.0,0.0,0.0,0.0,0.06251987511060551,0.24025546169407083,0.178439179509592,0.1324106876989708
2025-05-01,0.0,0.0,0.0,0.3634880284555824,0.0,0.0,0.0,0.0,0.010812594075294751,0.30052784188609744,0.19623952391912922,0.12893201166389626
2025-05-02,0.0,0.0,0.0,0.35479790623883845,5.571840394642159e-05,0.0,0.0,0.0,0.0,0.3478988807470957,0.1995884649284577,0.09765902968166185
2025-05-03,0.0,0.0,0.0,0.3591875239811935,0.0,0.0,0.0,0.0,0.0,0.3557693281201081,0.17448791066174152,0.11055523723695679
2025-05-04,0.0,0.0,0.0,0.37335951193222394,0.0,0.0,0.0,0.0,0.0,0.4198334084479056,0.12342456488894668,0.08338251473092374
2025-05-05,0.0,0.0,0.0,0.3108291545308287,0.0,0.0,0.0,0.0,0.0,0.47229157593861226,0.1353185402664347,0.08156072926412437
2025-05-06,0.0,0.0,0.0,0.3541651533593929,0.0,0.0,0.0,0.0,0.05304930993208824,0.3562821250429089,0.14956446051089045,0.08693895115471945
2025-05-07,0.0,0.0,0.0,0.41783516867581494,0.0,0.0,0.0,0.0,0.023324078809552444,0.34042393019420636,0.12400081565803052,0.09441600666239569
2025-05-08,0.0,0.0,0.0,0.4402248543362607,0.0,0.0,0.0,0.0,0.021995703629280088,0.3199816570655346,0.12405746755612401,0.09374031741280062
2025-05-09,0.0,0.0,0.0,0.37096970631694814,0.0,0.0,0.0,0.0,0.08717146962730202,0.26067965350986466,0.1177381647574103,0.16344100578847487
2025-05-10,0.0,0.0,0.0,0.3089300469757965,0.007906333864206147,0.0,0.0,0.0,0.0814936902221001,0.29393453154957655,0.158680292586793,0.14905510480152773
2025-05-11,0.0,0.0,0.0,0.23512071972744042,0.0,0.0,0.0,0.0,0.3670933315407992,0.0,0.0,0.3977859487317605
2025-05-12,0.0,0.0,0.0,0.23759763454191998,0.0,0.0,0.0,0.0,0.3567820728996956,0.0,0.0,0.40562029255838433
2025-05-13,0.0,0.0,0.0,0.20429732976928713,0.0,0.0,0.0,0.027875935914862305,0.36611843220118107,0.0,0.0,0.40170830211466957
2025-05-14,0.0,0.0,0.0,0.138171056754741,0.0,0.0,0.0,0.09368582605918913,0.40569325374659065,0.0,0.0,0.36244986343947916
2025-05-15,0.0,0.0,0.0,0.1714805965726181,0.0,0.0,0.0,0.0618118510057477,0.3668012756516271,0.0,0.0,0.399906276770007
2025-05-16,0.0,0.0,0.0,0.14045057550127743,0.0,0.0,0.0,0.09249605412129695,0.38090584290874974,0.0,0.0,0.3861475274686759
2025-05-17,0.0,0.0,0.0,0.11304628811181225,0.0,0.0,0.0,0.09052146342788447,0.4333328429170837,0.0,0.0,0.36309940554321957
2025-05-18,0.0,0.0,0.0,0.25274685529830887,0.014576565118428867,0.0,0.0,0.07857630422190717,0.3457263478656813,0.0,0.01893218553019034,0.2894417419654834
2025-05-19,0.0,0.0,0.0,0.2813183357821317,0.029401117336317926,0.0,0.0,0.059421386022845586,0.30597278091849317,0.004598126778539349,0.04389077515203922,0.275397478009633
2025-05-20,0.0,0.0,0.0,0.48735557208613456,0.06653061270889923,0.0,0.0,0.0,0.12998840502127487,0.0,0.08170123532734919,0.23442417485634207
2025-05-21,0.0,0.0,0.0,0.6025694583862378,0.03614843859854752,0.0,0.0,0.0,0.07026505398422785,0.0,0.0,0.291017049030987
2025-05-22,0.0,0.0,0.0,0.6005382831944848,0.04975813685188958,0.0,0.0,0.0,0.1108507220341846,0.0,0.0,0.238852857919441
2025-05-23,0.0,0.0,0.0,0.5538729746099452,0.08364642038815043,0.0,0.0,0.0,0.15615713768201256,0.0,0.0,0.20632346731989187
2025-05-24,0.0,0.0,0.0,0.7130243800167149,0.0,0.0,0.0,0.004090609380016896,0.13719705348718989,0.0,0.0,0.14568795711607838
2025-05-25,0.0,0.0,0.0,0.6118257542883516,0.07217279877286739,0.0,0.0,0.0,0.15679418591680513,0.0,0.0,0.15920726102197597
2025-05-26,0.0,0.0,0.0,0.6062816998623494,0.10343159734682279,0.0,0.0,0.0,0.1491512454373053,0.0,0.0,0.14113545735352248
2025-05-27,0.0,0.0,0.0,0.5964124417185137,0.0,0.0,0.0,0.0,0.20597945961009848,0.0,0.0,0.1976080986713878
2025-05-28,0.0,0.0,0.0,0.5346346678046132,0.0,0.0,0.0,0.0681658247949126,0.23968763418592898,0.0,0.0,0.15751187321454516
2025-05-29,0.0,0.0,0.0,0.5037427773353359,0.0,0.0,0.0,0.0871227837939264,0.25388673087977837,0.02017561367123013,0.0,0.13507209431972927
2025-05-30,0.0,0.0,0.0,0.6118495692920456,0.04243359178168113,0.0,0.0,0.0,0.1938984629021664,0.0,0.0,0.15181837602410692
2025-05-31,0.0,0.0,0.0,0.56964703255644,0.11073818743740231,0.0,0.0,0.0,0.12240314153211758,0.024703729603420977,0.0,0.17250790887061912
2025-06-01,0.0,0.0,0.0,0.6645287365606798,0.09688699942224582,0.0,0.0,0.0,0.0816989945886604,0.02316505633874928,0.0,0.1337202130896647
2025-06-02,0.0,0.0,0.0,0.687905773490466,0.08220007229247897,0.0,0.0,0.0010965377598620828,0.06739758989407343,0.0,0.0,0.1614000265631195
2025-06-03,0.0,0.0,0.0,0.5642166058979744,0.10966192424484278,0.0,0.0,0.005425555163996092,0.12068169911237862,0.014952232953065683,0.0,0.18506198262774248
2025-06-04,0.0,0.0,0.0,0.5919362133719442,0.11950624454990819,0.0,0.0,0.048442080928859696,0.10534069127969753,0.0,0.0,0.1347747698695903
2025-06-05,0.0,0.0,0.0,0.5494481984778423,0.09843440974321904,0.0,0.0,0.08145130839860748,0.07848721002631541,0.07258767986086433,0.0,0.11959119349315141
2025-06-06,0.0,0.0,0.0,0.5435452945789431,0.08859785394098023,0.0,0.0,0.04475887288468213,0.05046921160732321,0.14463555744869244,0.0,0.127993209539379
2025-06-07,0.0,0.0,0.04828795714683373,0.5092585289841889,0.0883538188734489,0.0,0.0,0.0,0.043506636645836885,0.171795813037525,0.0,0.13879724531216664
2025-06-08,0.0,0.0024373352429034444,0.06115263102117131,0.4087780335733682,0.05892375047219475,0.0,0.0,0.0,0.05342674906804741,0.23024621727536,0.0,0.18503528334695493
2025-06-09,0.0,0.0,0.0,0.5108544641874069,0.0,0.0,0.0,0.0,0.06674544383542552,0.23977454046478672,0.0,0.18262555151238077
2025-06-10,0.0,0.0,0.0,0.35151587862178635,0.0,0.0,0.0,0.0854805195568919,0.20608046671210295,0.15736053840388026,0.0,0.1995625967053385
2025-06-11,0.0,0.0,0.0,0.3963611675253577,0.09678392497241725,0.0,0.0,0.0,0.07899204576017642,0.31389082555052517,0.0,0.1139720361915234
2025-06-12,0.0,0.0,0.0,0.307734514277602,0.2041392716642206,0.0,0.0,0.0,0.027345847131564918,0.3892289108839437,0.0,0.0715514560426689
2025-06-13,0.0,0.0,0.0,0.2741898518670364,0.2336145123406642,0.0,0.0,0.0,0.01438511431223968,0.4181602499635033,0.0,0.059650271516556455
2025-06-14,0.0,0.0,0.0,0.24779998908273443,0.24764283492782707,0.0,0.0,0.0,0.0,0.4563132115513991,0.0,0.04824396443803941
2025-06-15,0.0,0.0,0.0,0.34574396181698563,0.24774594287624657,0.0,0.0,0.0,0.0,0.3709633562218627,0.0,0.03554673908490502
2025-06-16,0.0,0.0,0.0,0.39646681794570243,0.2559580669080878,0.0,0.0,0.0,0.0,0.30762896040038246,0.0,0.0399461547458273
2025-06-17,0.0,0.0,0.0,0.5496380491141595,0.13893187559284062,0.0,0.0,0.0,0.0,0.17131934054161577,0.09142678719190626,0.04868394755947774
2025-06-18,0.0,0.0,0.0,0.48164730656343824,0.1447137715241559,0.0,0.0,0.0,0.0,0.16381202819741303,0.18781097858095647,0.02201591513403639
2025-06-19,0.0,0.0,0.0,0.3560248724132152,0.1906269262961999,0.0,0.0,0.0,0.0,0.13802856417370646,0.2832555361589596,0.03206410095791891
2025-06-20,0.0,0.0,0.10892604227168348,0.40133618574881375,0.05584684521815395,0.0,0.0,0.0,0.04888263324953879,0.05655772883601251,0.23988758506230515,0.0885629796134924
2025-06-21,0.0,0.0,0.0,0.32449014690745487,0.0548409723433619,0.0,0.0,0.14978331295869077,0.02674358563894021,0.053278821355563125,0.3903719470619235,0.000491213734065624
2025-06-22,0.0,0.0,0.04087837053190798,0.1983104276229653,0.033170649992602656,0.0,0.0,0.13982953838437326,0.0210584362677963,0.044679874721100916,0.5220727024792536,0.0
2025-06-23,0.0,0.0,0.0,0.2823765144993901,0.0,0.0,0.0,0.07587220360419639,0.010972697900604806,0.011812675185844699,0.6087478850850878,0.010218023724876095
2025-06-24,0.0,0.0,0.0,0.042203285886339474,0.13471786712830178,0.0,0.0,0.12058508451997628,0.011094688780642662,0.0,0.5539266015228137,0.13747247216192618
2025-06-25,0.0,0.0,0.0,0.0,0.2008657944938136,0.0,0.0,0.05506405282123548,0.0,0.0,0.6789762443525847,0.06509390833236627
2025-06-26,0.0,0.0,0.0,0.0,0.0,0.0,0.0,0.16079251980186812,0.0,0.0,0.7632100981201098,0.07599738207802215
2025-06-27,0.0,0.0,0.0,0.13532221353582655,0.17376303156622833,0.0,0.0,0.0,0.0,0.0,0.5719635809876308,0.11895117391031437
2025-06-28,0.0,0.0,0.0,0.08297992922211476,0.2705916020562964,0.0,0.0,0.0,0.0,0.0,0.5346363860077438,0.11179208271384507
2025-06-29,0.0,0.0,0.0,0.10354721982544875,0.2646197151139798,0.0,0.0,0.0,0.0,0.0,0.5039329567462458,0.12790010831432555
2025-06-30,0.0,0.0,0.0,0.08503925484753203,0.26317715792753044,0.0,0.0,0.0,0.0,0.0,0.5528911886652665,0.09889239855967097
2025-07-01,0.0,0.0,0.0,0.02903425746278311,0.3516245971136767,0.0,0.0,0.0,0.0,0.0,0.5024847764951619,0.11685636892837833
2025-07-02,0.0,0.0,0.0,0.0,0.40860760386789896,0.0,0.0,0.0,0.0,0.0,0.5301695631393062,0.06122283299279497
2025-07-03,0.0,0.0,0.0,0.0,0.22589599901306426,0.0,0.0,0.0,0.0,0.0,0.6447582292611509,0.1293457717257848
2025-07-04,0.0,0.0,0.0,0.0,0.08261086159063462,0.0,0.0,0.0,0.0,0.0,0.8030419037166243,0.11434723469274106
2025-07-05,0.0,0.0,0.0,0.0431703297702863,0.24348807983025306,0.0,0.0,0.0,0.0,0.0,0.5138634286345836,0.19947816176487712
2025-07-06,0.0,0.0,0.0,0.12298787710801361,0.24033413596446748,0.0,0.0,0.0,0.0,0.0,0.41048229009895165,0.22619569682856727
2025-07-07,0.0,0.0,0.0,0.055200795620614855,0.36854819856865756,0.0,0.0,0.0,0.0,0.0,0.299393188866021,0.2768578169447064
2025-07-08,0.0,0.0,0.0,0.0,0.5129770989323291,0.0,0.0,0.0,0.0,0.0,0.19055928452882978,0.296463616538841
2025-07-09,0.0,0.0,0.0,0.01868775053070985,0.4892155539665823,0.0,0.0,0.0,0.0,0.0,0.17271687986816253,0.3193798156345453
2025-07-10,0.0,0.0,0.0,0.0,0.6550791547620848,0.19927231382840258,0.0,0.0,0.0,0.0,0.016083288915941473,0.12956524249357101
2025-07-11,0.0,0.0,0.0,0.0,0.5683138070950654,0.2845916842125702,0.0,0.0,0.0,0.0,0.0,0.1470945086923644
2025-07-12,0.0,0.0,0.0,0.0,0.5734418080849409,0.1263067612768248,0.0,0.0,0.0,0.0,0.11970030943286097,0.1805511212053733
2025-07-13,0.0,0.0,0.0,0.0,0.32806603261368855,0.0,0.0,0.0,0.0,0.0,0.26925188338627326,0.4026820840000382
2025-07-14,0.0,0.0,0.0,0.0,0.3992450633841359,0.0,0.0,0.0,0.0,0.0,0.176975488997505,0.42377944761835906
2025-07-15,0.0,0.0,0.0,0.0,0.31251180378115195,0.0,0.0,0.059161868751926736,0.0,0.0,0.17704467045392416,0.4512816570129972
2025-07-16,0.0,0.0,0.0,0.0,0.33972698394017803,0.0,0.0,0.10665278637344161,0.0,0.0,0.1391354490277987,0.41448478065858163
2025-07-17,0.0,0.0,0.0,0.0,0.1761622709761166,0.0,0.0,0.13450840795621302,0.0,0.0,0.19785939783725934,0.49146992323041105
2025-07-18,0.0,0.0,0.0,0.0,0.22590163882314318,0.0,0.0,0.12396544983081141,0.0,0.0,0.1631905992671874,0.486942312078858
2025-07-19,0.0,0.0,0.0,0.0,0.23419211744386423,0.0,0.0,0.15267104396564357,0.0,0.0,0.10886132887560117,0.504275509714891
2025-07-20,0.0,0.0,0.0,0.0,0.2558051423979523,0.0,0.0,0.08314932576538661,0.0,0.0,0.17771025218084482,0.4833352796558161
2025-07-21,0.0,0.0,0.0,0.0,0.1234299422859062,0.0,0.0,0.0,0.02229490280709378,0.0,0.5082525539424867,0.3460226009645132
2025-07-22,0.0,0.0,0.0,0.0,0.17017211949391697,0.0,0.0,0.0,0.0,0.0,0.6439397744443748,0.18588810606170825
2025-07-23,0.0,0.0,0.0,0.0,0.14234625671414097,0.0,0.0,0.0,0.0,0.0,0.6162869412574545,0.24136680202840444
2025-07-24,0.0,0.0,0.0,0.0,0.17038748709406806,0.0,0.0,0.0,0.0,0.0,0.5986875136993294,0.2309249992066027
2025-07-25,0.0,0.0,0.0,0.0,0.1476251653928142,0.0,0.0,0.0,0.0,0.0,0.604823107198594,0.24755172740859185
2025-07-26,0.0,0.0,0.0,0.0,0.21805901432853952,0.0,0.0,0.0,0.0,0.0,0.5345634860244081,0.24737749964705236
2025-07-27,0.0,0.0,0.0,0.0,0.26230901003452334,0.0,0.0,0.0,0.0,0.0,0.5125455118080182,0.2251454781574584
2025-07-28,0.0,0.0,0.0,0.0,0.3357362727802213,0.05752764126435514,0.0,0.0,0.0,0.0,0.3039589272108478,0.30277715874457584
2025-07-29,0.0,0.0,0.0,0.0,0.2248801406112699,0.12185669198118837,0.0,0.0,0.0,0.0,0.35158588313131267,0.30167728427622914
2025-07-30,0.0,0.0,0.0,0.0504596606850303,0.15661369764447133,0.27722566654059033,0.0,0.0,0.0,0.0,0.005027060800960578,0.5106739143289474
2025-07-31,0.0,0.0,0.06002037927885932,0.05042792219349434,0.08067111712564523,0.24424873315931503,0.0,0.0,0.0,0.0,0.0,0.5646318482426861
2025-08-01,0.0,0.0,0.020845082563780048,0.05027364434884633,0.0,0.32052251804929865,0.0,0.0,0.0,0.0,0.0,0.608358755038075
2025-08-02,0.011474062956541879,0.0,0.0,0.054357703135975065,0.0,0.2028872845670068,0.0,0.0,0.0,0.0,0.0,0.7312809493404763
2025-08-03,0.033007662998112565,0.0,0.0,0.0701753287045223,0.001994817719983486,0.12971348742061434,0.0,0.0,0.0,0.0,0.0,0.7651087031567673
2025-08-04,0.06599166727008672,0.0,0.0,0.025340185736154704,0.0,0.12660138669422297,0.0,0.0,0.0,0.0,0.0,0.7820667602995357
2025-08-05,0.03958107126290968,0.0,0.0,0.019153969654410723,0.016819790578895665,0.1130071934421989,0.0,0.0,0.0,0.0,0.0,0.811437975061585
2025-08-06,0.07110738786493168,0.0,0.0,0.0,0.058871361319092236,0.060739538280804944,0.0,0.0,0.0,0.0,0.0,0.8092817125351712
2025-08-07,0.14381715569110362,0.0,0.0,0.0,0.029047634080570855,0.03299010850835239,0.0,0.0,0.0,0.0,0.0,0.7941451017199731
2025-08-08,0.20245208923434757,0.0,0.0,0.2204407494848133,0.0,0.0,0.0,0.0,0.03356262402171511,0.0,0.0,0.543544537259124
2025-08-09,0.32461063774256954,0.0,0.0,0.1410967586633081,0.0,0.0,0.0,0.0,0.04543594060418419,0.0,0.0,0.48885666298993824
2025-08-10,0.5061994594155192,0.0,0.011241063679781641,0.10097051710558216,0.0,0.0,0.0,0.06270477241183259,0.0,0.0,0.0,0.3188841873872843
2025-08-11,0.5181638822914378,0.0,0.0,0.09549823035039665,0.0,0.0,0.0,0.06594273084874759,0.0,0.0,0.0,0.32039515650941797
2025-08-12,0.4088591178032662,0.0,0.0,0.0,0.007511126204058439,0.05492971149056435,0.0,0.06251801497594858,0.0,0.0,0.0,0.4661820295261624
2025-08-13,0.19524535613888233,0.0,0.0,0.33731716307251336,0.0,0.0,0.0,0.0,0.0,0.0,0.06165121889109649,0.4057862618975078
2025-08-14,0.1343709518795893,0.0,0.0,0.21471064878138316,0.0,0.0,0.0,0.0,0.0,0.0,0.2279307407636995,0.422987658575328
2025-08-15,0.032282410249567996,0.0,0.0,0.28631620846949546,0.023000073425930218,0.0,0.0,0.0,0.0,0.0,0.15957860988031392,0.49882269797469236
2025-08-16,0.12776670534062265,0.0,0.0,0.18436246984726373,0.0,0.0,0.0,0.0,0.0,0.0,0.21686710330649986,0.47100372150561376
2025-08-17,0.14568028646447637,0.0,0.0,0.11922797936028678,0.0,0.0,0.0,0.0,0.012553280467944232,0.0,0.16650155411845888,0.5560368995888337
2025-08-18,0.07642491597228784,0.0,0.0,0.13640900844612938,0.0,0.0,0.0,0.0,0.013155048544350298,0.0,0.19191019127278644,0.582100835764446
2025-08-19,0.09749954823461322,0.0,0.0,0.18365849839577775,0.0,0.0,0.0,0.0,0.015423013361480054,0.0,0.1646637183240336,0.5387552216840954
2025-08-20,0.1576902692205937,0.0,0.0,0.1558621904082086,0.0,0.0,0.0,0.0,0.009070663271336066,0.0,0.08228980380620214,0.5950870732936594
2025-08-21,0.07790768468740689,0.0,0.21982054289236763,0.05920459450964417,0.0,0.0,0.0,0.0,0.0023909856683292977,0.0,0.0,0.640676192242252
2025-08-22,0.0,0.0,0.1132175828971882,0.10822219062382465,0.0,0.03699036829542652,0.0,0.0,0.03476864213676787,0.0,0.0,0.7068012160467928
2025-08-23,0.0,0.0,0.0,0.10560477831004537,0.0,0.1296134316854384,0.0,0.0,0.02739276952247479,0.0,0.0,0.7373890204820414
2025-08-24,0.0,0.0,0.0,0.12146339274452138,0.0,0.1561750457198382,0.0,0.0,0.008260890144569204,0.0,0.02492594820615668,0.6891747231849146
2025-08-25,0.0,0.0,0.0,0.11121171925353517,0.0,0.1676239182211578,0.0,0.0,0.0,0.0,0.03080418562390371,0.6903601769014034
2025-08-26,0.0,0.0,0.0,0.13366471103294658,0.03445861648607478,0.0127482312106453,0.0,0.0,0.0,0.0,0.1547080243870718,0.6644204168832615
2025-08-27,0.0,0.0,0.0,0.13876964187959376,0.0,0.15397130506616075,0.0,0.0,0.0,0.0,0.053794528013404834,0.6534645250408406
2025-08-28,0.0,0.0,0.0,0.055122226642361646,0.0,0.2843152361153266,0.0,0.0,0.0,0.0,0.03397660097749974,0.626585936264812
2025-08-29,0.0,0.0,0.0,0.02774361351622549,0.0,0.2998982206774449,0.0,0.0,0.0,0.0,0.0,0.6723581658063296
2025-08-30,0.0,0.0,0.0,0.04260723799640034,0.0,0.30703625105337207,0.0,0.0,0.0,0.0,0.012572073482362769,0.6377844374678648
2025-08-31,0.0,0.0,0.0,0.04297002363977692,0.0,0.3013973877670512,0.0,0.0,0.0,0.0,0.01792614260656124,0.6377064459866105
2025-09-01,0.0,0.0,0.0,0.037254596028582186,0.0,0.30378865806566746,0.0,0.0,0.0,0.0,0.02977187439513494,0.6291848715106155
2025-09-02,0.0067286980511658346,0.0,0.0,0.0,0.0,0.3285423609971495,0.0,0.0,0.0,0.0,0.021594066264364258,0.6431348746873204
2025-09-03,0.0395863462120311,0.0,0.0,0.0,0.0,0.24570396542150433,0.0,0.0,0.0,0.0,0.14423504953004124,0.5704746388364234
2025-09-04,0.019106393655602683,0.0,0.0,0.04998799078846794,0.0,0.23938466320334464,0.0,0.0,0.0,0.0,0.1336902872443511,0.5578306651082336
2025-09-05,0.000987865035342696,0.0,0.0,0.03931506722683663,0.0,0.2709005676438501,0.0,0.0,0.0,0.0,0.13414687612826154,0.554649623965709
2025-09-06,0.0,0.0,0.0,0.0,0.0,0.310037332182124,0.0,0.0,0.0,0.0,0.15597815281651123,0.5339845150013648
2025-09-07,0.0,0.0,0.0,0.009548219278802042,0.0,0.3228252555505787,0.0,0.0,0.0,0.0,0.13288131715678603,0.5347452080138332
2025-09-08,0.0,0.0,0.0,0.0,0.0,0.2615171018265243,0.0,0.0,0.0,0.0,0.09579577156239538,0.6426871266110803
2025-09-09,0.0,0.0,0.0,0.0,0.0,0.22140649695410308,0.0,0.0,0.0,0.0,0.14867933874623324,0.6299141642996636
2025-09-10,0.0,0.0,0.0,0.06351856909532756,0.0,0.03344893286563092,0.0,0.0,0.0,0.0,0.19375318995403662,0.709279308085005
2025-09-11,0.0,0.0,0.0,0.06912717227781744,0.0,0.11475467240639874,0.0,0.0,0.0,0.0,0.1485222778501766,0.6675958774656072
2025-09-12,0.0,0.0,0.0,0.10482881585054588,0.0,0.11764484557440416,0.0,0.0,0.0,0.0,0.14274260483231996,0.63478373374273
2025-09-13,0.09971711290244331,0.0,0.0,0.04710921937974928,0.0,0.15073255778734473,0.0,0.0,0.0,0.0,0.15274324796173347,0.5496978619687292
2025-09-14,0.08459814591096726,0.0,0.0,0.06834214789389981,0.0,0.2010261368831399,0.0,0.0,0.0,0.0,0.14256612076893013,0.5034674485430629
2025-09-15,0.10346064665163722,0.0,0.0,0.03883725550634753,0.0,0.16111718820919682,0.0,0.0,0.0,0.0,0.2560769116754225,0.44050799795739587
2025-09-16,0.19370954194183415,0.0,0.0,0.0,0.0,0.07378822004464496,0.0,0.0,0.0,0.0,0.3321574392838646,0.40034479872965634
2025-09-17,0.2322087777059229,0.0,0.0,0.0,0.0,0.13487664986244002,0.0,0.0,0.0,0.0,0.22790726118877502,0.40500731124286204
2025-09-18,0.22272949835646796,0.0,0.0,0.0,0.0,0.17322229881667817,0.0,0.0,0.0,0.0,0.21205127544167646,0.39199692738517744
2025-09-19,0.09303818549281515,0.0,0.2990952757620881,0.0,0.0,0.001551842798109479,0.0,0.0,0.0,0.0,0.25272511464518166,0.3535895813018056
2025-09-20,0.04389964571736736,0.0,0.16336905107236474,0.005224194180888477,0.0,0.09877026118418376,0.0,0.0,0.027304825046478725,0.0,0.18119752994088525,0.48023449285783165
2025-09-21,0.06324536194536681,0.0,0.12696490897171023,0.016183330874449398,0.0,0.10198273731815108,0.0,0.0,0.027486831219746714,0.0,0.19549744665916552,0.46863938301141034
2025-09-22,0.07338277555971624,0.04455130547139215,0.14306099583193796,0.023187593568122514,0.0,0.08030420400232262,0.0,0.0,0.01067374946089149,0.0,0.17433871936515352,0.4505006567404635
2025-09-23,0.08438777508688153,0.1788752336529558,0.11860190318600956,0.0,0.0,0.03777050992979213,0.0,0.0,0.0,0.0,0.03206555826364852,0.5482990198807125
2025-09-24,0.10315618077190337,0.0,0.0,0.0,0.0,0.0,0.0,0.0,0.0,0.0,0.3963156956941524,0.5005281235339443
2025-09-25,0.010755632346097355,0.0,0.0,0.0,0.0,0.0,0.0,0.0,0.054270074172021995,0.0,0.31591889495528297,0.6190553985265977
2025-09-26,0.14314319764870298,0.0,0.0,0.0,0.0,0.0,0.0,0.0,0.0777179804652271,0.0,0.1427835671356744,0.6363552547503956
2025-09-27,0.0,0.0,0.18141015258531704,0.0,0.0,0.0,0.0,0.0,0.13182787189980158,0.0,0.0,0.6867619755148814
2025-09-28,0.0,0.0,0.25443471840669835,0.0,0.0,0.0,0.0,0.0,0.11567169507255934,0.0,0.0,0.6298935865207422
2025-09-29,0.0,0.0,0.3267718447881253,0.0,0.0,0.0,0.0,0.0,0.1152004177752113,0.0,0.0,0.5580277374366633
2025-09-30,0.0,0.0,0.1602647652055859,0.0,0.05770971916002911,0.0,0.0,0.0,0.17210014146204447,0.0,0.0,0.6099253741723406
