,XGBoost,LightGBM,CatBoost,SVR,KNN,ElasticNet,LSTM,Prophet,SARIMAX,TFT
2024-12-01,0.0,0.0,0.1682475049900202,0.06199600798403195,0.3129021956087824,0.0,3.193612774451106e-05,0.011944111776447107,0.4448782435129742,0.0
2024-12-02,6.387225548902212e-05,0.0,0.17881836327345327,0.10300199600798401,0.2725269461077846,0.0,0.0,0.0,0.44558882235528924,0.0
2024-12-03,3.193612774451106e-05,0.0,0.17803592814371255,0.08956487025948107,0.2576606786427146,0.0,0.0,0.0,0.4747065868263472,0.0
2024-12-04,0.0,0.0,0.12154091816367273,0.14735329341317377,0.25537724550898194,0.0,1.596806387225553e-05,0.0,0.4757125748502999,0.0
2024-12-05,0.05053892215568862,0.0,0.08406387225548903,0.17306187624750516,0.2147065868263474,0.0,1.596806387225553e-05,0.0,0.4776127744510979,0.0
2024-12-06,0.0561596806387226,0.03506586826347309,0.06947704590818365,0.18238722554890224,0.15413972055888225,0.0,0.003768463073852296,0.0,0.4990019960079839,0.0
2024-12-07,0.10844710578842331,0.0,0.0,0.195864271457086,0.1478243512974053,0.0,0.0,0.0,0.547864271457086,0.0
2024-12-08,0.1567425149700598,0.0,0.0,0.2297804391217565,0.07036327345309382,0.0,0.0,0.0,0.5430898203592814,2.395209580838325e-05
2024-12-09,0.008822355289421156,0.06374451097804389,0.0,0.36044710578842337,0.021540918163672648,0.0,0.0,0.0,0.5040638722554888,0.04138123752495014
2024-12-10,0.003992015968063873,0.0,0.0,0.4415968063872255,1.596806387225553e-05,0.0,0.0,7.984031936127767e-05,0.45431536926147703,0.1
2024-12-11,0.0,0.0,0.0,0.3319041916167666,8.782435129740531e-05,0.0,0.09819560878243515,4.79041916167665e-05,0.569676646706587,8.782435129740531e-05
2024-12-12,0.0,0.0,0.0,0.37786826347305447,1.596806387225553e-05,0.0,0.03550499001996007,0.075185628742515,0.511401197604791,2.395209580838325e-05
2024-12-13,0.0,0.0,0.0,0.43394011976047897,0.005205588822355292,0.0,0.0,0.1109620758483034,0.44986826347305375,2.395209580838325e-05
2024-12-14,0.0,0.0,0.0,0.38505389221556924,0.11608782435129743,0.0,0.0,0.11180838323353293,0.38704990019960067,0.0
2024-12-15,0.0,0.0,0.0,0.27992814371257485,0.20052694610778443,0.0,0.0,0.12816766467065874,0.39137724550898223,0.0
2024-12-16,0.0,0.0,0.13826746506986046,0.0917365269461078,0.22859081836327344,0.0,0.0,0.19369261477045918,0.3477125748502994,0.0
2024-12-17,0.0,0.0,0.19728542914171676,0.0032814371257485014,0.20424750499002006,0.0,0.0,0.3084710578842315,0.28671457085828345,0.0
2024-12-18,0.0,0.0,0.16411976047904192,0.1523433133732538,0.15058682634730539,0.0,0.0,0.21129740518962087,0.32162874251497003,2.395209580838325e-05
2024-12-19,0.0,0.0,0.4633772455089822,0.0,4.79041916167665e-05,0.0,0.00011177644710578857,0.15091417165668677,0.38547704590818377,7.185628742514981e-05
2024-12-20,0.0,0.0,0.4836407185628744,0.0,0.00033532934131736574,0.0,0.0,0.05596007984031933,0.3631616766467065,0.09690219560878247
2024-12-21,0.0,0.0,0.38048702594810385,0.06721756487025957,0.021812375249500998,0.0,0.0,0.041812375249501,0.2280798403193614,0.26059081836327336
2024-12-22,0.24854291417165694,0.0,0.21295808383233553,0.0,0.05528942115768467,0.0,0.0,0.0,0.15832335329341315,0.32488622754491037
2024-12-23,0.10149301397205594,0.0,0.34360878243512966,0.0,0.07270259481037929,0.0,0.0,0.0,0.07197604790419161,0.4102195608782436
2024-12-24,0.036846307385229565,0.0,0.37665469061876267,0.0,0.09619161676646712,0.0,0.0,0.0,0.02929341317365271,0.46101397205588823
2024-12-25,0.05104990019960082,0.02764870259481039,0.49497804391217565,0.0,1.596806387225553e-05,0.0,0.0,0.0,0.0,0.42630738522954115
2024-12-26,0.016399201596806395,0.44669860279441104,0.15615169660678646,0.0,1.596806387225553e-05,0.0,0.0,0.0,0.0,0.3807345309381239
2024-12-27,0.0,0.6340039920159679,8.782435129740529e-05,0.0,1.596806387225553e-05,0.0,0.0,0.0,0.0,0.3658922155688626
2024-12-28,0.0,0.6322395209580839,0.0,0.0,1.596806387225553e-05,0.0,0.0,0.0,0.0,0.36774451097804406
2024-12-29,0.0,0.4649580838323354,0.13529740518962086,0.0,1.596806387225553e-05,0.0,0.0,0.0,0.0,0.3997285429141721
2024-12-30,0.0,0.5579800399201599,0.03306187624750497,0.0,1.596806387225553e-05,0.0,0.0,0.0,0.0,0.40894211576846334
2024-12-31,0.0,0.5776686626746504,4.79041916167665e-05,0.0,1.596806387225553e-05,0.0,0.0,0.0,0.0,0.42226746506986046
2025-01-01,0.0,0.45488223552894236,0.0,0.0,1.596806387225553e-05,0.1399600798403196,0.0,0.0,0.0,0.40514171656686615
2025-01-02,0.0,0.4448063872255491,0.0,0.0,1.596806387225553e-05,0.17684630738522975,0.0,0.0,0.0,0.37833133732534924
2025-01-03,0.0,0.4922155688622755,0.0,0.0,0.0,0.14322554890219558,1.596806387225553e-05,0.0,0.0,0.36454291417165674
2025-01-04,0.0,0.3830658682634728,0.1452295409181638,0.0,0.0,0.10902994011976047,1.596806387225553e-05,0.0,0.0,0.36265868263473056
2025-01-05,0.09520958083832337,0.06611576846307385,0.00023153692614770482,0.0,0.0,0.5040718562874253,1.596806387225553e-05,0.0,0.0,0.33435528942115766
2025-01-06,0.0,0.09004391217564868,0.023449101796407194,0.0,0.0,0.5252614770459084,1.596806387225553e-05,0.0,0.0,0.3612295409181636
2025-01-07,0.1421956087824352,0.0,0.0,0.0,0.0,0.49136926147704596,1.596806387225553e-05,0.0,0.0,0.3664191616766467
2025-01-08,0.11292614770459082,0.0,0.06532534930139723,0.0,0.0,0.4446227544910182,1.596806387225553e-05,0.0001996007984031937,0.0,0.37691017964071866
2025-01-09,0.17395608782435126,0.0,0.0,0.0,0.0,0.46947704590818407,1.596806387225553e-05,0.007552894211576848,0.0,0.34899800399201564
2025-01-10,0.14378443113772454,0.0,0.0,0.0,1.596806387225553e-05,0.4610698602794412,0.0,0.02128542914171656,0.0,0.3738443113772456
2025-01-11,0.10861477045908187,0.0,0.0,0.0,1.596806387225553e-05,0.5012774451097808,0.0,0.0,0.0,0.39009181636726564
2025-01-12,0.20053493013972046,0.0,0.0,0.0,1.596806387225553e-05,0.3676487025948101,0.0,0.0,0.0,0.43180039920159685
2025-01-13,0.21907385229540935,0.0,1.596806387225553e-05,0.0,0.0,0.2813732534930138,0.0,0.0,0.0,0.49953692614770484
2025-01-14,0.1818043912175648,0.0,1.596806387225553e-05,0.0,0.0,0.27502594810379255,0.0,0.0,0.0,0.5431536926147703
2025-01-15,0.24073453093812383,0.0,1.596806387225553e-05,0.0,0.0,0.18027145708582826,0.0,0.0,0.0,0.5789780439121752
2025-01-16,0.16412774451097803,0.0,1.596806387225553e-05,0.0,0.0,0.24127744510978055,0.0,0.0,0.0,0.5945788423153692
2025-01-17,0.18621956087824365,0.0,0.00014371257485029963,0.0,0.0,0.23509780439121758,0.0,0.0,0.0,0.5785389221556884
2025-01-18,0.199872255489022,0.0,0.00016766467065868287,0.0,0.0,0.14778443113772463,0.0,0.0,0.0,0.6521756487025943
2025-01-19,0.1914411177644711,0.0,1.596806387225553e-05,0.0,0.0,0.1699880239520958,0.0,0.0,0.0,0.6385548902195601
2025-01-20,0.17435528942115774,0.033245508982035876,0.00027944111776447136,0.0,0.0,0.1434011976047905,0.0,0.0,0.0,0.6487185628742514
2025-01-21,0.16100598802395227,0.0703632734530938,0.0,0.0,0.0,0.15448303393213572,0.0,0.0,0.0,0.614147704590818
2025-01-22,0.30859880239520987,0.0,0.0,0.0,0.0,0.07149700598802394,0.0,0.0,0.0,0.6199041916167666
2025-01-23,0.35531337325349294,0.0,0.0,0.0,0.0,0.0,0.0,0.0,0.0,0.6446866267465071
2025-01-24,0.32700199600798424,0.0,0.0,0.0,0.0,0.0,0.0,0.0,0.0,0.6729980039920161
2025-01-25,0.22408782435129743,0.0,0.0,0.0,0.0,0.0,0.0,0.1964231536926147,2.395209580838325e-05,0.5794650698602792
2025-01-26,0.19195209580838338,0.0,0.0,0.0,0.0,0.0,0.0,0.2216367265469062,0.06221157684630738,0.524199600798403
2025-01-27,0.214307385229541,0.0,0.0,0.0,0.0,0.0,0.0,0.09803592814371266,0.10513373253493018,0.5825229540918164
2025-01-28,0.20622754491017958,0.0,0.0,0.0,0.0,0.0,0.0,0.04970059880239523,0.14625948103792433,0.5978123752495005
2025-01-29,0.15962475049900215,0.0,0.0,0.0,0.0,0.0,0.0,0.0,0.22731337325349307,0.6130618762475052
2025-01-30,0.13952095808383247,0.0,0.0,0.0,0.0,0.0,0.0,0.0,0.18631536926147704,0.6741636726546907
2025-01-31,0.12887824351297428,0.0,0.0,0.0,0.0,0.0,0.0,0.0,0.1876167664670659,0.6835049900199602
2025-02-01,0.2156726546906188,0.0,0.0,0.0,0.0,0.0,1.596806387225553e-05,0.016223552894211568,0.1611656686626748,0.6069221556886223
2025-02-02,0.1739720558882237,0.08711377245508987,0.0,0.0,0.0,0.0,1.596806387225553e-05,0.0005109780439121767,0.15026746506986027,0.588119760479042
2025-02-03,0.12898203592814372,0.06926946107784437,0.0,0.0,0.0,0.0,1.596806387225553e-05,0.11295009980039912,0.0,0.68878243512974
2025-02-04,0.0,0.19057884231536942,0.0,0.0,0.0,0.0,1.596806387225553e-05,0.13596007984031946,0.0,0.6734451097804388
2025-02-05,0.00023153692614770482,0.28326546906187655,0.0,0.0,0.0,0.0,5.5888223552894286e-05,0.0970139720558882,0.0,0.6194331337325353
2025-02-06,0.0004151696606786435,0.32336127744511006,0.0,0.0,0.0,0.0,1.596806387225553e-05,0.04925349301397206,0.12699401197604793,0.49996007984031937
2025-02-07,5.5888223552894286e-05,0.24389620758483035,0.0,9.5808383233533e-05,0.0,0.0,1.596806387225553e-05,0.16616367265469073,0.00011177644710578857,0.5896606786427142
2025-02-08,0.00010379241516966087,0.17695009980039925,0.0,0.06144510978043912,0.0,0.0,1.596806387225553e-05,0.12688223552894215,0.00048702594810379386,0.6341157684630737
2025-02-09,0.0,0.0,0.0,0.2370299401197605,0.0,0.0,0.0,0.05006786427145709,0.25692614770459093,0.4559760479041917
2025-02-10,0.0,0.0,0.0,0.26529341317365274,0.0,0.0,0.0,0.00011976047904191638,0.34389620758483036,0.3906906187624752
2025-02-11,0.0,0.0,0.0,0.2415249500998005,0.0,0.0,0.0,0.00028742514970059925,0.29365269461077814,0.46453493013972064
2025-02-12,0.013804391217564878,0.09384431137724551,0.0,0.12632335329341315,0.0,0.0,0.0,0.0,0.3586267465069861,0.40740119760479054
2025-02-13,0.04665069860279446,0.08918962075848307,0.0,0.11510578842315372,0.0,0.0,0.0,0.0,0.3639121756487026,0.38514171656686663
2025-02-14,0.029349301397205596,0.09512974051896207,0.0,0.09681437125748513,0.0,0.0,0.0,0.06379241516966062,0.23244710578842323,0.48246706586826377
2025-02-15,0.08598802395209582,0.0,0.0,0.22617165668662692,1.596806387225553e-05,0.0,0.0,0.0,0.20508582834331354,0.48273852295409214
2025-02-16,3.193612774451106e-05,0.3159600798403196,0.0,0.11538522954091823,1.596806387225553e-05,0.0,0.0,0.0,2.395209580838325e-05,0.5685828343313369
2025-02-17,0.0002475049900199603,0.36111776447105803,0.0,0.07794810379241521,1.596806387225553e-05,0.0,0.0,0.0,2.395209580838325e-05,0.5606467065868264
2025-02-18,3.193612774451106e-05,0.4404151696606786,0.0,0.021868263473053894,1.596806387225553e-05,0.0,0.0,0.0,3.992015968063883e-05,0.5376287425149704
2025-02-19,0.0,0.4171896207584832,0.0,0.00691417165668662,0.034778443113772484,0.0,0.0,0.0,0.0,0.5411177644710584
2025-02-20,0.09407584830339316,0.0,0.0,0.0,0.2135089820359283,0.0,0.0,0.12608383233532938,0.006586826347305396,0.5597445109780438
2025-02-21,0.0,0.0,0.0,1.596806387225553e-05,0.18254690618762479,0.0,0.0,0.27246307385229546,3.193612774451106e-05,0.5449421157684635
2025-02-22,0.0,0.0,0.0,0.0,0.027201596806387226,0.0,0.0,0.4339401197604791,0.0,0.5388582834331338
2025-02-23,0.0,0.0,0.0,0.0,0.0,0.0,0.0,0.4960718562874247,0.0,0.5039281437125749
2025-02-24,0.0,0.0,0.0,0.0,0.0,0.0,0.0,0.5217245508982044,0.0,0.4782754491017965
2025-02-25,0.0,0.0,0.0,0.0,0.0,0.0,0.0,0.5249660678642707,0.0,0.47503393213572875
2025-02-26,0.0,0.0,0.0,0.0,0.0,0.0,0.0,0.539297405189621,0.0,0.46070259481037906
2025-02-27,0.0,0.0,0.0,0.0,0.017724550898203597,0.0,0.0,0.526179640718563,0.0,0.45609580838323327
2025-02-28,0.0,0.07033932135728539,0.0,0.0,0.01129740518962076,0.0,0.0,0.4863393213572855,0.0,0.4320239520958086
2025-03-01,0.0,0.0,0.0,0.07907385229540922,0.032255489021956095,0.0,0.0,0.4585548902195613,0.0,0.430115768463074
2025-03-02,0.0,0.0,0.0,0.01820359281437127,0.05841117764471064,0.0,0.0,0.4755289421157687,0.00016766467065868287,0.44768862275449106
2025-03-03,0.0,0.0,0.0,0.0,0.03772455089820359,0.0,0.0,0.5089500998003996,0.00012774451097804425,0.4531976047904193
2025-03-04,0.0,0.0,0.0,0.0,1.596806387225553e-05,0.0,0.0,0.5318722554890223,3.193612774451106e-05,0.46807984031936123
2025-03-05,0.0,0.0,0.0,0.0,0.00497405189620759,0.0,0.0,0.5423952095808386,3.193612774451106e-05,0.45259880239521
2025-03-06,0.0,0.0,0.0,0.0,0.0,0.0,0.0,0.544998003992016,0.0,0.455001996007984
2025-03-07,0.0,0.0,0.0,0.0,0.0,0.0,0.0,0.483305389221557,0.0,0.5166946107784429
2025-03-08,0.0,0.0,0.0,0.0,0.0,0.0,0.0,0.40944510978043935,0.0,0.5905548902195608
2025-03-09,0.0,0.0,0.0,0.0,0.0,0.0,0.0,0.4146826347305389,0.0,0.5853173652694604
2025-03-10,0.0,0.0,0.0,0.0,0.0,0.0,0.0,0.4000000000000004,0.0,0.5999999999999995
2025-03-11,0.0,0.0,0.0,0.0,0.0,0.0,0.0,0.45420359281437084,0.0,0.5457964071856286
2025-03-12,0.0,0.0,0.0,0.0,0.0,0.0,0.0,0.45871457085828343,0.0,0.5412854291417165
2025-03-13,0.0,0.0,0.0,0.0,0.0,0.0,0.0,0.4760239520958085,0.0,0.5239760479041911
2025-03-14,0.0,0.0,0.0,0.0,0.0,0.0,0.0,0.5096766467065865,0.0,0.4903233532934134
2025-03-15,0.0,0.027704590818363278,0.0,0.0,0.0,0.0,0.0,0.5443592814371263,0.0,0.4279361277445114
2025-03-16,0.0,0.07955289421157688,0.0,0.0,0.0,0.0,0.0,0.5453972055888224,0.0,0.3750499001996007
2025-03-17,0.0,0.0416367265469062,0.0,0.0,0.0,0.0,0.0,0.5651976047904191,0.0,0.3931656686626748
2025-03-18,0.0,0.0,0.0,0.0,0.0,0.0,0.0,0.5785389221556889,0.0,0.4214610778443112
2025-03-19,0.0,0.0,0.0,0.0,0.0,0.0,0.0,0.6120878243512974,0.0,0.3879121756487029
2025-03-20,0.0,0.0,0.0,0.0,0.0,0.0,0.0,0.6305708582834335,0.0,0.3694291417165672
2025-03-21,0.0,0.0,0.0,0.0,0.0,0.0,0.0,0.6433532934131738,0.0,0.3566467065868264
2025-03-22,0.0,0.0,0.0,0.0,0.0,0.0,0.0,0.6257964071856292,0.05115369261477044,0.32304990019960106
2025-03-23,0.0,0.0,0.0,0.0,0.0,0.0,0.0,0.608582834331337,0.0,0.3914171656686626
2025-03-24,0.0,0.0,0.0,0.0,0.0,0.0,0.0,0.5843033932135732,0.0,0.4156966067864272
2025-03-25,0.0,0.0,0.0,0.0,0.0,0.0,0.0,0.6012455089820359,0.0,0.3987544910179643
2025-03-26,0.0,0.0,0.0,0.0,0.0,0.0,0.0,0.6381077844311377,0.0,0.36189221556886225
2025-03-27,0.0,0.0,0.0,0.0,0.0,0.0,0.0,0.6007185628742508,0.0,0.39928143712574843
2025-03-28,0.0,0.0,0.0,0.0,0.0,0.0,0.0,0.6270499001996013,0.0,0.3729500998003994
2025-03-29,0.0,0.0,0.0,0.0,0.0,0.0,0.0,0.6107385229540924,0.0,0.3892614770459086
2025-03-30,0.0,0.0,0.0,0.0,0.0,0.0,0.0,0.6015968063872256,0.0,0.39840319361277504
2025-03-31,0.0,0.0,0.0,0.0,0.0,0.0,0.0,0.5971417165668668,0.0,0.40285828343313407
2025-04-01,0.0,0.0,0.0,0.0,0.0,0.0,0.0,0.5664031936127745,0.0,0.4335968063872255
2025-04-02,0.0,0.0,0.0,0.0,0.0,0.0,0.0,0.5586267465069854,0.0,0.441373253493014
2025-04-03,0.0,0.0,0.0,0.0,0.0,0.0,0.0,0.593413173652694,0.0,0.40658682634730553
2025-04-04,0.0,0.0,0.0,0.0,0.0,0.0,0.0,0.582610778443114,0.0,0.4173892215568864
2025-04-05,0.0,0.0,0.0,0.0,0.0,0.0,0.0,0.6178443113772449,0.0,0.3821556886227545
2025-04-06,0.0,0.0,0.0,0.0,0.0,0.0,0.0,0.6239041916167668,0.0,0.3760958083832338
2025-04-07,0.0,0.0,0.0,0.06150099800399206,0.0,0.0,0.0,0.5218602794411173,0.14512574850299406,0.27151297405189606
2025-04-08,0.0,0.0,0.0,0.11762075848303398,0.0,0.0,0.0,0.49872255489021966,0.19202395209580844,0.19163273453093832
2025-04-09,0.0,0.005133732534930142,0.0,0.3357684630738522,0.0,0.0,0.053029940119760505,0.3742514970059879,0.016487025948103803,0.2153293413173653
2025-04-10,0.08011177644710579,0.0,0.0,0.30397604790419164,0.0,0.0,0.12996407185628758,0.32700199600798424,0.0,0.15894610778443127
2025-04-11,0.07196806387225554,0.0,0.0,0.3073772455089818,0.0,0.0,0.15859481037924164,0.3251656686626745,0.0,0.1368942115768464
2025-04-12,0.05572055888223553,0.026890219560878233,0.0,0.39275848303393196,0.0,0.0,0.09039520958083835,0.25957684630738503,6.387225548902212e-05,0.17459481037924157
2025-04-13,0.14316966067864276,8.782435129740529e-05,4.79041916167665e-05,0.45772455089820363,0.0,0.0,0.023952095808383225,0.19844311377245522,0.0,0.17657485029940134
2025-04-14,0.16225948103792412,0.0,0.0,0.44362475049900224,0.0,0.0,1.596806387225553e-05,0.2429141716566867,0.0,0.15118562874251493
2025-04-15,0.1507465069860278,0.0,0.0,0.4642315369261476,0.0,0.0,0.0,0.23494610778443112,0.0,0.1500758483033934
2025-04-16,0.0010938123752495018,0.0,0.06401596806387228,0.40666666666666684,0.06898203592814374,0.0,0.0,0.2630738522954091,0.0008782435129740526,0.1952894211576848
2025-04-17,0.0,0.0,0.06362475049900197,0.36034331337325376,0.06153293413173653,0.0,0.0,0.3188742514970062,0.00016766467065868287,0.19545708582834337
2025-04-18,0.025812375249501016,0.0,0.07121756487025953,0.3367105788423154,0.07042714570858286,0.0,0.0,0.3240079840319359,5.5888223552894286e-05,0.17176846307385232
2025-04-19,0.06982035928143718,0.0,0.05978443113772456,0.3161996007984032,0.04671457085828343,0.0,0.0,0.32020758483033923,0.02031936127744512,0.1669540918163672
2025-04-20,0.0,0.0,0.11046706586826353,0.29304590818363263,0.0,1.596806387225553e-05,0.03885828343313372,0.21756487025948115,0.2115209580838326,0.1285269461077846
2025-04-21,0.0,0.0,0.18599600798403204,0.19062674650698597,0.0,1.596806387225553e-05,0.13596806387225557,0.05938522954091819,0.40856686626746525,0.019441117764471053
2025-04-22,0.0,0.0,0.16915768463073863,0.13985628742514958,0.0,0.0,0.17626347305389226,0.10491017964071858,0.38106187624750504,0.028750499001996006
2025-04-23,0.0,0.0,0.12204391217564872,0.14607584830339324,0.0,0.0,0.24884630738522961,0.13709381237524948,0.2510259481037928,0.09491417165668666
2025-04-24,0.0,0.0,0.03393213572854292,0.12582834331337325,0.0,3.992015968063883e-05,0.3319600798403196,0.22044710578842341,0.22066267465069875,0.06712974051896217
2025-04-25,0.0,0.0,0.0,0.2445828343313372,0.0,0.008806387225548896,0.22325748502994017,0.16114970059880251,0.2602315369261475,0.10197205588822354
2025-04-26,0.0,0.0,0.0,0.2537644710578845,0.0,0.014187624750499006,0.2262514970059881,0.11789221556886237,0.23183233532934142,0.15607185628742526
2025-04-27,0.009429141716566869,0.0,0.0,0.13145708582834337,0.0,3.193612774451106e-05,0.3746107784431141,0.1828023952095809,0.1707704590818365,0.1308982035928143
2025-04-28,0.0,0.0,0.0,0.3350738522954094,0.016542914171656695,0.0,0.24390419161676657,0.0,0.18686626746506993,0.21761277445109808
2025-04-29,0.0,0.0,0.0,0.26131736526946125,0.0,0.0,0.3229700598802394,0.05797205588822358,0.19486626746506977,0.1628742514970059
2025-04-30,0.0,0.0,0.0,0.15072255489021982,0.05309381237524952,0.0,0.3915049900199601,0.06165269461077846,0.33528942115768484,0.007736526946107792
2025-05-01,0.0,0.0,0.0,0.14741716566866273,0.05384431137724551,3.193612774451106e-05,0.4060518962075848,0.03777245508982038,0.353996007984032,0.0008862275449101797
2025-05-02,0.0,0.0,0.0,0.1669540918163673,0.04111776447105789,0.0,0.330491017964072,0.00011177644710578857,0.43351696606786433,0.02780838323353296
2025-05-03,0.0,0.0,0.0,0.07189620758483033,0.11465868263473057,3.193612774451106e-05,0.24600399201596826,0.005053892215568865,0.5620998003992016,0.0002554890219560885
2025-05-04,0.0,0.0,0.0,0.16647504990019965,0.02437524950099802,0.0,0.16850299401197616,0.007033932135728542,0.6335888223552896,2.395209580838325e-05
2025-05-05,0.0,0.0,0.0,0.10660279441117769,0.0,0.042738522954091834,0.23121756487025955,0.08221157684630746,0.5372055888223557,2.395209580838325e-05
2025-05-06,0.0,0.0,0.0,0.12883033932135726,3.992015968063883e-05,0.0045189620758483064,0.23626347305389228,0.10516566866267472,0.5251576846307386,2.395209580838325e-05
2025-05-07,0.0,0.06324151696606789,0.0,0.13350099800399198,0.0,0.02480638722554892,0.1826986027944113,0.010754491017964078,0.5849101796407187,8.782435129740531e-05
2025-05-08,0.0005429141716566873,0.06289820359281438,0.0,0.13069860279441137,0.0,0.014355289421157684,0.19000399201596815,0.014251497005988035,0.5869381237524949,0.0003113772455089823
2025-05-09,0.0,0.04102994011976049,0.0,0.04582035928143718,0.02954091816367267,0.09248702594810387,0.23095409181636734,0.036974051896207616,0.5231696606786428,2.395209580838325e-05
2025-05-10,0.0009580838323353311,1.596806387225553e-05,0.0,0.11645508982035938,3.193612774451106e-05,0.1733253493013974,0.11191217564870268,0.0,0.4722714570858284,0.12502994011976046
2025-05-11,0.0,0.0,0.0,0.0,0.0,0.0,0.44442315369261476,0.15609580838323367,0.399481037924152,0.0
2025-05-12,0.0,0.0,0.0,0.0,0.0,0.0,0.43141716566866256,0.21673453093812384,0.31869061876247523,0.033157684630738544
2025-05-13,0.0,0.0,0.0,0.0,0.0,0.0,0.4180998003992017,0.245429141716567,0.2848463073852296,0.051624750499002
2025-05-14,0.0,0.0,0.0,0.0,0.0,0.0,0.38040718562874243,0.3381237524950102,0.1926946107784433,0.0887744510978044
2025-05-15,0.0,0.0,0.0,0.0,0.0,0.0,0.39587225548902194,0.3437125748502995,0.18305788423153718,0.07735728542914176
2025-05-16,0.0,0.0,0.0,0.0,0.0,0.0,0.38064670658682626,0.34096606786427186,0.19025149700598804,0.08813572854291431
2025-05-17,0.0,0.0,0.0,0.0,0.0,0.0,0.3717524950099803,0.3021477045908185,0.23578443113772476,0.09031536926147708
2025-05-18,0.06896606786427151,0.00012774451097804425,0.0,0.0,0.0,0.0,0.2130778443113774,0.23928143712574867,0.35165668662674693,0.12689021956087834
2025-05-19,0.0,1.596806387225553e-05,0.040447105788423185,0.0,0.0,0.0,0.28985229540918156,0.1964550898203594,0.3368622754491016,0.13636726546906203
2025-05-20,0.0,0.0,0.0,0.1790259481037925,0.0,0.0,0.23196007984031952,0.11506586826347316,0.09694211576846312,0.3770059880239522
2025-05-21,0.0,0.026698602794411185,0.0,0.26511776447105767,3.193612774451106e-05,0.0,0.25990419161676653,0.01916167664670658,0.11954491017964078,0.3095409181636724
2025-05-22,0.0,0.04303393213572855,0.0,0.2894451097804391,0.0,0.0,0.23962475049900214,0.003536926147704593,0.12019960079840324,0.3041596806387226
2025-05-23,0.0,0.0003752495009980047,0.0,0.16696207584830347,0.06901397205588825,0.0,0.3733652694610781,0.08338522954091815,0.14087025948103796,0.1660279441117764
2025-05-24,0.0,0.017309381237524964,0.0,0.19945708582834348,0.06008782435129742,0.0,0.4226027944111775,0.0937804391217566,0.20269061876247504,0.004071856287425152
2025-05-25,0.0,0.0,0.0,0.11568063872255491,0.19641516966067862,0.0,0.39559281437125754,0.12543712574850305,0.16685029940119778,2.395209580838325e-05
2025-05-26,0.0,0.0,0.0,0.17486626746506992,0.3685508982035931,0.0,0.06859081836327362,0.13247904191616772,0.2554331337325349,7.984031936127767e-05
2025-05-27,0.0,0.0,0.0,0.12146906187624747,0.28743313373253493,0.0,0.12041516966067867,0.12883832335329334,0.3418443113772455,0.0
2025-05-28,0.0,0.0,0.0,0.1301636726546907,0.19638323353293421,0.0,0.11837924151696608,0.16891816367265472,0.38615568862275473,0.0
2025-05-29,0.0,0.0,0.0,0.08510179640718564,0.11957684630738519,0.0,0.17640718562874255,0.23135329341317373,0.3875608782435129,0.0
2025-05-30,0.0,0.0,0.0,0.13811576846307386,0.1188343313373254,0.0,0.13845908183632752,0.19540918163672674,0.40918163672654756,0.0
2025-05-31,0.0,0.0,0.0,0.08850299401197607,0.1803193612774451,0.0,0.03715768463073856,0.11812375249501003,0.46843113772455097,0.10746506986027951
2025-06-01,0.0,0.0,0.0,0.1413972055888224,0.14460678642714578,0.0,0.030035928143712556,0.10441516966067876,0.45888223552894225,0.12066267465069855
2025-06-02,0.0,0.0,0.0,0.17720558882235526,0.0647744510978044,0.0,0.10466267465069862,0.0347944111776447,0.19861876247504975,0.41994411177644697
2025-06-03,0.0,1.596806387225553e-05,0.0,0.22875848303393215,0.043265469061876255,0.0,0.11672654690618768,0.033261477045908164,0.21524950099800408,0.3627225548902194
2025-06-04,0.0,1.596806387225553e-05,0.0,0.21978443113772467,0.030730538922155708,0.0,0.1908023952095807,0.0562554890219561,0.14687425149700617,0.3555369261477049
2025-06-05,0.0,1.596806387225553e-05,0.0,0.21017165668662682,0.020606786427145724,0.0,0.23677445109780443,0.037628742514970094,0.19637524950099805,0.2984271457085831
2025-06-06,0.0,0.0,0.0,0.21960878243512968,0.00046307385229540964,0.0,0.2221237524950101,0.028598802395209583,0.22673852295409183,0.30246706586826333
2025-06-07,0.0,0.0,0.0,0.2445109780439123,3.193612774451106e-05,0.0,0.22965269461077867,0.06281037924151703,0.23012375249501008,0.23287025948103812
2025-06-08,0.0,0.04387225548902197,0.0,0.19253493013972053,0.03468263473053895,0.0,0.12193213572854292,0.034570858283433155,0.2926467065868262,0.27976047904191637
2025-06-09,0.0,0.04097405189620758,0.0,0.19164870259481057,0.0007824351297405192,0.0,0.13203193612774453,0.0809101796407186,0.27982435129740507,0.27382834331337325
2025-06-10,0.0,0.01695808383233532,0.0,0.16188423153692608,0.0002634730538922161,0.0,0.18328942115768476,0.1426107784431138,0.2501636726546908,0.24483033932135737
2025-06-11,0.0,0.0,0.0,0.34895808383233556,0.10196407185628743,0.0,0.0,0.018762475049900206,0.4333892215568863,0.09692614770459083
2025-06-12,0.0,0.0,0.0,0.31522554890219584,0.1857724550898204,0.0,0.0,0.0,0.4990019960079839,0.0
2025-06-13,0.0,0.0,0.0,0.2875129740518962,0.21028343313373257,0.0,0.0,0.00241117764471058,0.4997924151696607,0.0
2025-06-14,0.0,0.0,0.0,0.29595209580838344,0.19764471057884236,0.0,0.0,0.0,0.5064031936127752,0.0
2025-06-15,0.0,0.0,0.0,0.3328063872255493,0.21837125748503003,0.0,0.0,0.0,0.44882235528942116,0.0
2025-06-16,0.0,0.0,0.0,0.3383233532934133,0.19481836327345323,0.0,0.007656686626746516,0.0,0.3750419161676648,0.0841596806387225
2025-06-17,0.0,0.0,0.0,0.2550259481037928,0.1401916167664671,0.0,0.0,0.0,0.19843512974051902,0.4063473053892217
2025-06-18,0.0,0.0,0.0,0.26529341317365257,0.1622914171656688,0.0,0.0,0.0,0.21069061876247505,0.36172455089820366
2025-06-19,0.0,0.0,0.0,0.22954091816367272,0.21784431137724553,0.0,0.0,0.0,0.1850219560878246,0.367592814371258
2025-06-20,0.0,0.0,0.0,0.17060279441117762,0.21466666666666687,0.0,0.0,0.0,0.15374850299401208,0.46098203592814396
2025-06-21,0.0,0.0,0.0,0.10795209580838333,0.19335728542914177,0.0,0.0,0.006491017964071861,0.12205189620758486,0.5701477045908191
2025-06-22,0.0,0.0,0.0,0.08388023952095816,0.17913772455089816,0.0,0.0,0.007904191616766474,0.11597604790419157,0.6131017964071858
2025-06-23,0.0,0.0,0.0,0.2097884231536926,0.039313373253493,0.0,0.0,0.003017964071856288,0.05209580838323355,0.6957844311377248
2025-06-24,0.0,0.0,0.0,0.0,0.11600000000000005,0.0,0.0,0.0,0.016119760479041928,0.8678802395209588
2025-06-25,0.0,0.0,0.0,0.0,0.11005988023952101,0.0,0.0,0.0,0.003001996007984035,0.8869381237524946
2025-06-26,0.0,0.0,0.0,0.0,0.01794810379241517,0.0,0.10669860279441118,0.0,0.0002475049900199603,0.8751057884231537
2025-06-27,0.10360878243512976,0.0,0.0,6.387225548902212e-05,0.1434091816367266,0.0,0.0,0.0,2.395209580838325e-05,0.7528942115768464
2025-06-28,0.09593612774451099,0.0,0.0,0.0,0.15623952095808386,0.0,0.0,0.0,2.395209580838325e-05,0.7478003992015967
2025-06-29,0.11270259481037925,0.0,0.0,0.0,0.15783632734530945,0.0,0.0,0.0,1.596806387225553e-05,0.72944510978044
2025-06-30,0.12980439121756496,0.0,0.0,4.79041916167665e-05,0.12491017964071856,0.0,0.0,0.0,1.596806387225553e-05,0.7452215568862276
2025-07-01,0.199560878243513,0.0,0.0,0.00016766467065868287,0.09144910179640722,0.0,0.0,0.0,6.387225548902212e-05,0.7087584830339324
2025-07-02,0.10873453093812377,0.0,0.0,0.00013572854291417176,0.17329341317365277,0.0,0.0,0.0,8.782435129740531e-05,0.7177485029940116
2025-07-03,0.11762075848303398,0.0,0.0,0.0,0.19283832335329346,0.0,0.0,0.0,1.596806387225553e-05,0.6895249500998005
2025-07-04,0.09751696606786421,0.0,0.0,0.0,0.15976846307385228,0.0,0.0,0.0,1.596806387225553e-05,0.742698602794411
2025-07-05,0.1922395209580839,0.0,0.0,0.0,0.18186027944111777,0.0,3.992015968063883e-05,0.0,1.596806387225553e-05,0.6258443113772454
2025-07-06,0.1981636726546907,0.0,0.0,3.992015968063883e-05,0.23693413173652703,0.0,0.0,0.0,1.596806387225553e-05,0.5648463073852297
2025-07-07,0.1112175648702595,0.0,0.045972055888223604,0.0,0.3232734530938124,0.0,0.0,0.0,1.596806387225553e-05,0.5195209580838326
2025-07-08,0.0,0.0,0.03339720558882233,0.0,0.4739960079840322,0.0,0.0,0.0,7.984031936127767e-05,0.4925269461077847
2025-07-09,0.0,0.07514570858283436,0.012063872255489029,0.0,0.49604790419161704,0.0,0.0,0.0,1.596806387225553e-05,0.4167265469061877
2025-07-10,0.0,0.0,0.0,0.0,0.4946267465069861,0.0,0.0,0.0,1.596806387225553e-05,0.5053572854291419
2025-07-11,0.0,0.018930139720558896,0.0,0.0,0.4895808383233536,0.0,0.0,0.0,1.596806387225553e-05,0.49147305389221563
2025-07-12,0.0,0.0,0.0,0.0,0.4640079840319364,0.0,0.0,0.0,0.00011177644710578857,0.5358802395209581
2025-07-13,0.0,0.0,0.0,0.0,0.3728942115768465,0.0,0.0,0.0,1.596806387225553e-05,0.6270898203592821
2025-07-14,0.0,0.0,0.0,0.0,0.39322155688622756,0.0,0.0,0.0,1.596806387225553e-05,0.6067624750499002
2025-07-15,0.0,0.0,0.13923353293413185,0.0,0.3113373253493015,0.0,0.0,0.0,2.395209580838325e-05,0.5494051896207574
2025-07-16,0.0,0.0,0.09917764471057887,0.0,0.3005908183632736,0.0,0.0,0.0,2.395209580838325e-05,0.6002075848303394
2025-07-17,0.0,0.0,0.0974371257485031,0.0,0.2681596806387226,0.0,0.0158243512974052,0.0,2.395209580838325e-05,0.6185548902195608
2025-07-18,0.0,0.0,0.10287425149700596,0.0,0.26879840319361314,0.0,0.0,0.0,2.395209580838325e-05,0.6283033932135732
2025-07-19,0.0,0.0,0.07738922155688623,0.0,0.30510978043912196,0.0,0.0,0.0,2.395209580838325e-05,0.6174770459081839
2025-07-20,0.038179640718562884,0.0,0.05924151696606786,3.992015968063883e-05,0.2911856287425151,0.0,0.0,0.0,2.395209580838325e-05,0.6113293413173657
2025-07-21,0.0,0.0,0.0,0.0,0.2889181636726543,0.0,0.0,0.0,2.395209580838325e-05,0.7110578842315374
2025-07-22,0.0,0.0,0.0,0.0,0.2796966067864273,0.0,0.0,0.0,2.395209580838325e-05,0.7202794411177647
2025-07-23,0.0,0.0,0.0,0.0,0.28008782435129725,0.0,0.0,0.0,2.395209580838325e-05,0.7198882235528947
2025-07-24,0.03278243512974056,0.0,0.0,0.0,0.2690538922155693,0.0,0.0,0.0,2.395209580838325e-05,0.6981397205588823
2025-07-25,0.044750499001995986,0.0,0.0,0.0,0.26091816367265475,0.0,0.0,0.0,2.395209580838325e-05,0.6943073852295412
2025-07-26,0.0,0.027401197604790418,0.0,0.0,0.2994890219560881,0.0,0.0,0.0,2.395209580838325e-05,0.6730858283433141
2025-07-27,0.0,0.012630738522954089,0.0,0.0,0.3286786427145711,0.0,0.0,0.0,2.395209580838325e-05,0.6586666666666671
2025-07-28,0.0,0.0,0.07516966067864272,0.0,0.3234411177644713,0.0,0.0,0.0,2.395209580838325e-05,0.6013652694610777
2025-07-29,0.0,0.09657485029940116,0.0072734530938123754,0.0,0.2883433133732535,0.0,0.0,0.0,2.395209580838325e-05,0.6077844311377246
2025-07-30,0.0,0.5107864271457083,0.0,0.0,0.0787704590818364,0.0,0.0,0.0,2.395209580838325e-05,0.41041916167664644
2025-07-31,0.0,0.6356247504990024,0.0,0.0,0.006858283433133738,0.0,0.0,0.0,2.395209580838325e-05,0.3574930139720559
2025-08-01,0.0,0.6182674650698601,0.0,0.0,4.79041916167665e-05,0.0,0.0,0.0,2.395209580838325e-05,0.3816606786427148
2025-08-02,0.0,0.5201437125748505,0.0,0.0,1.596806387225553e-05,0.0,0.0,0.0,2.395209580838325e-05,0.4798163672654687
2025-08-03,0.0,0.4248702594810382,0.0,1.596806387225553e-05,0.0,0.0,0.0,0.0,0.0,0.5751137724550892
2025-08-04,0.0,0.38940518962075854,0.0,0.0,0.0,0.0,0.0,0.0,0.0,0.6105948103792416
2025-08-05,0.0,0.35782834331337343,0.0,0.0,0.0,0.0,0.0,0.0,0.0,0.6421716566866267
2025-08-06,0.18005588822355303,0.1744670658682635,0.0,0.0,0.0,0.0,0.0,0.0,0.0,0.6454770459081837
2025-08-07,0.3660279441117763,0.0,0.0,0.0,0.0,0.0,0.0,0.0,0.0,0.6339720558882236
2025-08-08,0.3932455089820361,0.0,0.0,0.0,0.0,0.0,0.0,0.0,0.0,0.606754491017964
2025-08-09,0.40371257485029965,0.0,0.0,0.0,0.0,0.0,0.0,0.0,0.0,0.5962874251497009
2025-08-10,0.5112335329341321,0.0,0.0,0.0,0.0,0.0,0.0,0.0,0.0,0.4887664670658684
2025-08-11,0.530475049900199,0.0,0.0,0.0,0.0,0.0,0.0,0.0,0.0,0.46952495009980055
2025-08-12,0.5516407185628744,0.0,1.596806387225553e-05,0.0,0.0,0.0,0.0,0.0,0.0,0.4483433133732535
2025-08-13,0.5079121756487027,0.0,1.596806387225553e-05,0.05444311377245511,0.0,0.0,0.0,0.0,0.0,0.43762874251497025
2025-08-14,0.3363592814371255,0.0,0.0,0.15754091816367288,1.596806387225553e-05,0.0,0.0,0.0,2.395209580838325e-05,0.5060598802395212
2025-08-15,0.20756087824351308,0.0,0.0,0.28280239520958084,1.596806387225553e-05,0.0,0.0,0.0,2.395209580838325e-05,0.5095968063872258
2025-08-16,0.2518562874251498,0.0,0.0,0.26154890219560895,1.596806387225553e-05,0.0,0.0,0.0,2.395209580838325e-05,0.4865548902195611
2025-08-17,0.5257325349301395,0.0,0.0,0.05037125748502998,1.596806387225553e-05,0.0,0.0,0.0,2.395209580838325e-05,0.42385628742514986
2025-08-18,0.5173572854291425,0.0,0.0,0.044000000000000004,1.596806387225553e-05,0.0,0.0,0.0,2.395209580838325e-05,0.4386027944111778
2025-08-19,0.513508982035928,0.0,0.0,0.031049900199600793,0.0,0.0,3.193612774451106e-05,0.0,2.395209580838325e-05,0.4553852295409182
2025-08-20,0.5426187624750501,0.0,0.0,5.5888223552894286e-05,0.0,0.0,3.193612774451106e-05,0.0,2.395209580838325e-05,0.45726946107784416
2025-08-21,0.5250299401197598,0.0,0.0,5.5888223552894286e-05,0.0,0.0,3.193612774451106e-05,0.0,2.395209580838325e-05,0.47485828343313424
2025-08-22,0.1614930139720559,0.11359680638722565,0.04091017964071857,6.387225548902212e-05,0.0,0.0,3.193612774451106e-05,0.0,2.395209580838325e-05,0.6838802395209584
2025-08-23,0.0,0.0,0.1884790419161678,0.006522954091816364,0.0,0.0,3.193612774451106e-05,0.0,2.395209580838325e-05,0.8049421157684632
2025-08-24,0.0,0.0,0.0,0.14688223552894217,0.0,0.0,0.0,0.0,2.395209580838325e-05,0.853093812375249
2025-08-25,0.0,0.0,0.06322554890219562,0.05609580838323356,0.0,0.0,0.0,0.0,2.395209580838325e-05,0.8806546906187624
2025-08-26,0.0,0.0,0.03893013972055891,3.193612774451106e-05,0.0,0.0,0.0,0.0,2.395209580838325e-05,0.9610139720558881
2025-08-27,0.0,0.0,0.0,0.0,0.0,0.0,0.0,0.0,0.0,1.0
2025-08-28,0.0,0.0,0.0,0.0,0.0,0.0,0.0,0.0,0.0,1.0
2025-08-29,0.0,0.0,0.0,0.0,0.0,0.0,0.0,0.0,0.0,1.0
2025-08-30,0.0,0.0,0.0,0.0,0.0,0.0,0.0,0.0,0.0,1.0
2025-08-31,0.0,0.0,0.0,0.0,0.0,0.0,0.0,0.0,0.0,1.0
2025-09-01,0.00921357285429141,0.0,0.0,0.0,0.0,0.0,0.0,0.0,0.0,0.9907864271457087
2025-09-02,0.04475049900199601,0.0,0.0,0.0,0.0,0.0,0.0,0.0,0.0,0.9552495009980042
2025-09-03,0.07829141716566868,0.0,0.0,0.0,3.193612774451106e-05,0.0,0.0,0.0,2.395209580838325e-05,0.9216526946107787
2025-09-04,0.05272654690618765,0.0,0.0,0.02565269461077844,3.193612774451106e-05,0.0,0.0,0.0,2.395209580838325e-05,0.9215648702594816
2025-09-05,0.0,0.0,0.057493013972055966,0.0,3.193612774451106e-05,0.0,0.0,0.0,2.395209580838325e-05,0.9424510978043911
2025-09-06,0.0,0.0,0.0,0.0,0.0,0.0,0.0,0.0,0.0,1.0
2025-09-07,0.0,0.0,0.0,0.007936127744510984,3.193612774451106e-05,0.0,0.0,0.0,2.395209580838325e-05,0.9920079840319367
2025-09-08,0.0,0.0,0.0,0.0,0.0,0.0,0.0,0.0,0.0,1.0
2025-09-09,0.0,0.0,0.0,0.0,0.0,0.0,0.0,0.0,0.0,1.0
2025-09-10,0.0,0.0,0.0,0.0,0.0,0.0,0.0,0.0,0.0,1.0
2025-09-11,0.0,0.0,0.0,0.0,0.0,0.0,0.0,0.0,0.0,1.0
2025-09-12,0.0,0.0,0.0,0.0,0.0,0.0,0.0,0.0,0.0,1.0
2025-09-13,0.0,0.0,0.0,0.0,0.0,0.0,0.0,0.0,0.0,1.0
2025-09-14,0.0,0.0,0.0,0.0,0.0,0.0,0.0,0.0,0.0,1.0
2025-09-15,0.0,0.0,0.0,0.0,0.0,0.0,0.0,0.0,0.0,1.0
2025-09-16,0.0,0.0,0.0,0.0,0.0,0.0,0.0,0.0,0.0,1.0
2025-09-17,0.0,0.0,0.0,0.0,0.0,0.0,0.0,0.0,0.0,1.0
2025-09-18,0.0,0.0,0.0,0.0,0.0,0.0,0.0,0.0,0.0,1.0
2025-09-19,0.0,0.0,0.0,0.0,0.0,0.0,0.0,0.0,0.0,1.0
2025-09-20,0.0,0.0,0.0,0.0,0.0,0.0,0.0,0.0,0.0,1.0
2025-09-21,0.0,0.0,0.0,0.0,0.0,0.0,0.0,0.0,0.0,1.0
2025-09-22,0.0,0.0,0.0,0.0,0.0,0.0,0.0,0.0,0.0,1.0
2025-09-23,0.0,0.0,0.0,0.0,0.0,0.0,0.0,0.0,0.0,1.0
2025-09-24,0.0,0.0,0.0,0.0,0.0,0.0,0.0,0.0,0.0,1.0
2025-09-25,0.0,0.0,0.0,0.0,0.0,0.0,0.0,0.0,0.0,1.0
2025-09-26,0.0,0.0,0.0,0.0,0.0,0.0,0.0,0.0,0.0,1.0
2025-09-27,0.0,0.0,0.055057884231536916,0.0,0.0,0.0,0.0,0.0,0.0,0.9449421157684631
2025-09-28,0.0,0.025732534930139727,0.223057884231537,0.0,1.596806387225553e-05,0.0,0.0,0.0,0.0,0.7511936127744514
2025-09-29,0.0,0.0,0.2718882235528942,0.0,1.596806387225553e-05,0.0,0.0,0.0,0.0,0.7280958083832335
2025-09-30,0.0,0.0,0.07183233532934134,0.0,0.042666666666666714,0.0,0.0,0.0,0.0,0.8855009980039918
